transaction_id,date,account_id,transaction_type,category_id,merchant_id,amount,payment_method,description,note
T0000001,1/1/22,CHK,Income,PAY,M_PAYROLL,4259.26,Direct Deposit,Paycheck,
T0000002,1/1/22,CHK,Transfer,RET401,M_401K,-255.56,Payroll,401k Contribution,
T0000003,1/1/22,INV401,Transfer,RET401,M_401K,255.56,Payroll,401k Contribution,
T0000617,1/1/22,CHK,Expense,GROC,M0020,-62.29,Debit,Groceries,
T0000473,1/3/22,CHK,Expense,PHON,M0130,-80.58,ACH,PHON,
T0000618,1/3/22,CC1,Expense,GAS,M0108,-89.19,Card,Gas,
T0000377,1/3/22,CHK,Expense,RENT,M0104,-1345.96,ACH,RENT,
T0000569,1/4/22,CC1,Expense,SUBS,M0047,-20,ACH,SUBS,
T0000425,1/5/22,CHK,Expense,UTIL,M0012,-156.55,ACH,UTIL,
T0000521,1/5/22,CHK,Expense,INS,M0045,-180.07,ACH,INS,
T0000083,1/6/22,CHK,Income,SIDE,M_SIDE,711.94,ACH,Side Income,
T0000619,1/8/22,CHK,Expense,GROC,M0035,-89.15,Debit,Groceries,
T0000975,1/8/22,CC2,Expense,DINE,M0015,-59.27,Card,Dining,
T0000620,1/10/22,CC1,Expense,GAS,M0100,-15,Card,Gas,
T0000006,1/15/22,INV401,Transfer,RET401,M_401K,255.56,Payroll,401k Contribution,
T0000004,1/15/22,CHK,Income,PAY,M_PAYROLL,4259.26,Direct Deposit,Paycheck,
T0000621,1/15/22,CHK,Expense,GROC,M0072,-90.94,Debit,Groceries,
T0000005,1/15/22,CHK,Transfer,RET401,M_401K,-255.56,Payroll,401k Contribution,
T0000622,1/22/22,CHK,Expense,GROC,M0129,-85.85,Debit,Groceries,
T0000976,1/23/22,CC2,Expense,ENT,M0131,-62.68,Card,Entertainment,
T0000623,1/24/22,CC1,Expense,GAS,M0025,-48.17,Card,Gas,
T0001188,1/26/22,CC1,Transfer,CC_PAY,M_CC_PAY,166.13,ACH,CC Payment,
T0001187,1/26/22,CHK,Transfer,CC_PAY,M_CC_PAY,-166.13,ACH,CC Payment CC1,
T0001283,1/26/22,CHK,Transfer,CC_PAY,M_CC_PAY,-150.73,ACH,CC Payment CC2,
T0001284,1/26/22,CC2,Transfer,CC_PAY,M_CC_PAY,150.73,ACH,CC Payment,
T0000624,1/29/22,CHK,Expense,GROC,M0149,-32.74,Debit,Groceries,
T0000977,1/29/22,CC2,Expense,DINE,M0060,-36.83,Card,Dining,
T0000008,1/29/22,CHK,Transfer,RET401,M_401K,-255.56,Payroll,401k Contribution,
T0000009,1/29/22,INV401,Transfer,RET401,M_401K,255.56,Payroll,401k Contribution,
T0000007,1/29/22,CHK,Income,PAY,M_PAYROLL,4259.26,Direct Deposit,Paycheck,
T0000522,2/2/22,CHK,Expense,INS,M0114,-112,ACH,INS,
T0000426,2/2/22,CHK,Expense,UTIL,M0135,-134.69,ACH,UTIL,
T0000474,2/2/22,CHK,Expense,PHON,M0003,-89.68,ACH,PHON,
T0000570,2/2/22,CC1,Expense,SUBS,M0118,-21.93,ACH,SUBS,
T0000378,2/4/22,CHK,Expense,RENT,M0078,-1164.46,ACH,RENT,
T0000978,2/5/22,CC2,Expense,DINE,M0054,-71.68,Card,Dining,
T0000625,2/5/22,CHK,Expense,GROC,M0149,-56.47,Debit,Groceries,
T0000626,2/7/22,CC1,Expense,GAS,M0061,-42.91,Card,Gas,
T0000010,2/12/22,CHK,Income,PAY,M_PAYROLL,4259.26,Direct Deposit,Paycheck,
T0000627,2/12/22,CHK,Expense,GROC,M0056,-66.46,Debit,Groceries,
T0000012,2/12/22,INV401,Transfer,RET401,M_401K,255.56,Payroll,401k Contribution,
T0000011,2/12/22,CHK,Transfer,RET401,M_401K,-255.56,Payroll,401k Contribution,
T0000082,2/15/22,CHK,Income,BONUS,M_PAYROLL,6303.41,Direct Deposit,Annual Bonus,
T0000084,2/17/22,CHK,Income,SIDE,M_SIDE,463.58,ACH,Side Income,
T0000628,2/19/22,CHK,Expense,GROC,M0080,-105.42,Debit,Groceries,
T0000979,2/19/22,CC2,Expense,DINE,M0120,-54.52,Card,Dining,
T0000980,2/20/22,CC2,Expense,ENT,M0063,-43.37,Card,Entertainment,
T0000629,2/21/22,CC1,Expense,GAS,M0149,-77.23,Card,Gas,
T0000630,2/26/22,CHK,Expense,GROC,M0094,-124.5,Debit,Groceries,
T0000981,2/26/22,CC2,Expense,DINE,M0127,-77.92,Card,Dining,
T0001190,2/26/22,CC1,Transfer,CC_PAY,M_CC_PAY,110.11,ACH,CC Payment,
T0000014,2/26/22,CHK,Transfer,RET401,M_401K,-255.56,Payroll,401k Contribution,
T0000015,2/26/22,INV401,Transfer,RET401,M_401K,255.56,Payroll,401k Contribution,
T0001189,2/26/22,CHK,Transfer,CC_PAY,M_CC_PAY,-110.11,ACH,CC Payment CC1,
T0001285,2/26/22,CHK,Transfer,CC_PAY,M_CC_PAY,-174.62,ACH,CC Payment CC2,
T0001286,2/26/22,CC2,Transfer,CC_PAY,M_CC_PAY,174.62,ACH,CC Payment,
T0000013,2/26/22,CHK,Income,PAY,M_PAYROLL,4259.26,Direct Deposit,Paycheck,
T0000094,3/1/22,SAV,Income,INT,M_BANKINT,38.3,ACH,Interest,
T0000571,3/2/22,CC1,Expense,SUBS,M0051,-23.23,ACH,SUBS,
T0000475,3/3/22,CHK,Expense,PHON,M0125,-115.87,ACH,PHON,
T0000523,3/4/22,CHK,Expense,INS,M0139,-183.83,ACH,INS,
T0000427,3/4/22,CHK,Expense,UTIL,M0050,-189.35,ACH,UTIL,
T0000379,3/5/22,CHK,Expense,RENT,M0041,-1199.58,ACH,RENT,
T0000631,3/5/22,CHK,Expense,GROC,M0142,-29.94,Debit,Groceries,
T0000982,3/5/22,CC2,Expense,DINE,M0006,-15,Card,Dining,
T0000085,3/11/22,CHK,Income,SIDE,M_SIDE,746.47,ACH,Side Income,
T0000632,3/12/22,CHK,Expense,GROC,M0047,-44.83,Debit,Groceries,
T0000016,3/12/22,CHK,Income,PAY,M_PAYROLL,4259.26,Direct Deposit,Paycheck,
T0000017,3/12/22,CHK,Transfer,RET401,M_401K,-255.56,Payroll,401k Contribution,
T0000018,3/12/22,INV401,Transfer,RET401,M_401K,255.56,Payroll,401k Contribution,
T0000983,3/13/22,CC2,Expense,ENT,M0089,-59.64,Card,Entertainment,
T0000984,3/19/22,CC2,Expense,DINE,M0081,-82.88,Card,Dining,
T0000633,3/19/22,CHK,Expense,GROC,M0113,-76.99,Debit,Groceries,
T0001191,3/26/22,CHK,Transfer,CC_PAY,M_CC_PAY,-77.76,ACH,CC Payment CC1,
T0000019,3/26/22,CHK,Income,PAY,M_PAYROLL,4259.26,Direct Deposit,Paycheck,
T0000020,3/26/22,CHK,Transfer,,M_401K,-255.56,Payroll,401k Contribution,category_missing
T0000021,3/26/22,INV401,Transfer,RET401,M_401K,255.56,Payroll,401k Contribution,
T0001287,3/26/22,CHK,Transfer,CC_PAY,M_CC_PAY,-149.84,ACH,CC Payment CC2,
T0001288,3/26/22,CC2,Transfer,CC_PAY,M_CC_PAY,149.84,ACH,CC Payment,
T0001192,3/26/22,CC1,Transfer,CC_PAY,M_CC_PAY,77.76,ACH,CC Payment,
T0000634,3/26/22,CHK,Expense,GROC,M0108,-83.56,Debit,Groceries,
T0000985,3/27/22,CC2,Expense,ENT,M0042,-36.7,Card,Entertainment,
T0000635,3/28/22,CC1,Expense,GAS,M0012,-60.95,Card,Gas,
T0000572,4/2/22,CC1,Expense,SUBS,M0135,-20,ACH,SUBS,
T0000636,4/2/22,CHK,Expense,GROC,M0112,-72.26,Debit,Groceries,
T0000380,4/2/22,CHK,Expense,RENT,M0051,-1229.47,ACH,RENT,
T0000986,4/2/22,CC2,Expense,DINE,M0011,-26.73,Card,Dining,
T0000987,4/3/22,CC2,Expense,ENT,M0142,-67.19,Card,Entertainment,
T0000637,4/4/22,CC1,Expense,GAS,M0139,-53.54,Card,Gas,
T0000524,4/5/22,CHK,Expense,INS,M0040,-200.34,ACH,INS,
T0000476,4/5/22,CHK,Expense,PHON,M0088,-102.9,ACH,PHON,
T0000428,4/5/22,CHK,Expense,UTIL,M0014,-192.89,ACH,UTIL,
T0000024,4/9/22,INV401,Transfer,RET401,M_401K,255.56,Payroll,401k Contribution,
T0000988,4/9/22,CC2,Expense,DINE,M0074,-46.46,Card,Dining,
T0000638,4/9/22,CHK,Expense,GROC,M0045,-61.51,Debit,Groceries,
T0000022,4/9/22,CHK,Income,PAY,M_PAYROLL,4259.26,Direct Deposit,Paycheck,
T0000023,4/9/22,CHK,Transfer,RET401,M_401K,-255.56,Payroll,401k Contribution,
T0000639,4/11/22,CC1,Expense,GAS,M0021,-21.34,Card,Gas,
T0000640,4/16/22,CHK,Expense,GROC,M0053,-74.26,Debit,Groceries,
T0001178,4/18/22,CC1,Expense,TRAV,M0141,-1131.41,Card,Travel,
T0000641,4/18/22,CC1,Expense,GAS,M0141,-94.61,Card,Gas,
T0000086,4/22/22,CHK,Income,SIDE,M_SIDE,313.35,ACH,Side Income,
T0000025,4/23/22,CHK,Income,PAY,M_PAYROLL,4259.26,Direct Deposit,Paycheck,
T0000026,4/23/22,CHK,Transfer,RET401,M_401K,-255.56,Payroll,401k Contribution,
T0000027,4/23/22,INV401,Transfer,RET401,M_401K,255.56,Payroll,401k Contribution,
T0000989,4/23/22,CC2,Expense,DINE,M0028,-59.32,Card,Dining,
T0000642,4/23/22,CHK,Expense,GROC,M0032,-108.05,Debit,Groceries,
T0000990,4/24/22,CC2,Expense,ENT,M0001,-57.14,Card,Entertainment,
T0000643,4/25/22,CC1,Expense,GAS,M0128,-41.47,Card,Gas,
T0001193,4/26/22,CHK,Transfer,CC_PAY,M_CC_PAY,-1213.19,ACH,CC Payment CC1,
T0001194,4/26/22,CC1,Transfer,CC_PAY,M_CC_PAY,1213.19,ACH,CC Payment,
T0001289,4/26/22,CHK,Transfer,CC_PAY,M_CC_PAY,-235.29,ACH,CC Payment CC2,
T0001290,4/26/22,CC2,Transfer,CC_PAY,M_CC_PAY,235.29,ACH,CC Payment,
T0000644,4/30/22,CHK,Expense,GROC,M0107,-111.07,Debit,Groceries,
T0000991,4/30/22,CC2,Expense,DINE,M0063,-55.56,Card,Dining,
T0000992,5/1/22,CC2,Expense,ENT,M0077,-10,Card,Entertainment,
T0000573,5/2/22,CC1,Expense,SUBS,M0079,-20,ACH,SUBS,
T0000429,5/2/22,CHK,Expense,UTIL,M0119,-163.49,ACH,UTIL,
T0000525,5/2/22,CHK,Expense,INS,M0046,-173.19,ACH,INS,
T0000477,5/3/22,CHK,Expense,PHON,M0055,-78.86,ACH,PHON,
T0000381,5/4/22,CHK,Expense,RENT,M0097,-1271.45,ACH,RENT,
T0000645,5/7/22,CHK,Expense,GROC,M0126,-73.28,Debit,Groceries,
T0000028,5/7/22,CHK,Income,PAY,M_PAYROLL,4259.26,Direct Deposit,Paycheck,
T0000029,5/7/22,CHK,Transfer,RET401,M_401K,-255.56,Payroll,401k Contribution,
T0000030,5/7/22,INV401,Transfer,RET401,M_401K,255.56,Payroll,401k Contribution,
T0000993,5/7/22,CC2,Expense,DINE,M0112,-45.51,Card,Dining,
T0000994,5/8/22,CC2,Expense,ENT,M0126,-40.75,Card,Entertainment,
T0000646,5/9/22,CC1,Expense,GAS,M0135,-56.84,Card,Gas,
T0000647,5/14/22,CHK,Expense,GROC,M0016,-64.12,Debit,Groceries,
T0000995,5/15/22,CC2,Expense,ENT,M0096,-63.62,Card,Entertainment,
T0000087,5/18/22,CHK,Income,SIDE,M_SIDE,581.85,ACH,Side Income,
T0000648,5/21/22,CHK,Expense,GROC,M0074,-47.89,Debit,Groceries,
T0000032,5/21/22,CHK,Transfer,RET401,M_401K,-255.56,Payroll,401k Contribution,
T0000031,5/21/22,CHK,Income,PAY,M_PAYROLL,4259.26,Direct Deposit,Paycheck,
T0000033,5/21/22,INV401,Transfer,RET401,M_401K,255.56,Payroll,401k Contribution,
T0000996,5/22/22,CC2,Expense,ENT,M0093,-30.6,Card,Entertainment,
T0000649,5/23/22,CC1,Expense,GAS,M0028,-100.61,Card,Gas,
T0001195,5/26/22,CHK,Transfer,CC_PAY,M_CC_PAY,-198.33,ACH,CC Payment CC1,
T0001292,5/26/22,CC2,Transfer,CC_PAY,M_CC_PAY,196.29,ACH,CC Payment,
T0001291,5/26/22,CHK,Transfer,CC_PAY,M_CC_PAY,-196.29,ACH,CC Payment CC2,
T0001196,5/26/22,CC1,Transfer,CC_PAY,M_CC_PAY,198.33,ACH,CC Payment,
T0000997,5/28/22,CC2,Expense,DINE,M0116,-62.08,Card,Dining,
T0000650,5/28/22,CHK,Expense,GROC,M0150,-73.26,Debit,Groceries,
T0000651,5/30/22,CC1,Expense,GAS,M0065,-65.65,Card,Gas,
T0000095,6/1/22,SAV,Income,INT,M_BANKINT,23.26,ACH,Interest,
T0000526,6/2/22,CHK,Expense,INS,M0009,-197.99,ACH,INS,
T0000430,6/2/22,CHK,Expense,UTIL,M0131,-129.94,ACH,UTIL,
T0000652,6/4/22,CHK,Expense,GROC,M0017,-92.7,Debit,Groceries,
T0000478,6/4/22,CHK,Expense,PHON,M0069,-78.83,ACH,PHON,
T0000036,6/4/22,INV401,Transfer,RET401,M_401K,255.56,Payroll,401k Contribution,
T0000035,6/4/22,CHK,Transfer,RET401,M_401K,-255.56,Payroll,401k Contribution,
T0000034,6/4/22,CHK,Income,PAY,M_PAYROLL,4259.26,Direct Deposit,Paycheck,
T0000998,6/4/22,CC2,Expense,DINE,M0118,-71.59,Card,Dining,
T0000999,6/5/22,CC2,Expense,ENT,M0114,-15.3,Card,Entertainment,
T0000574,6/5/22,CC1,Expense,SUBS,M0148,-20,ACH,SUBS,
T0000382,6/5/22,CHK,Expense,RENT,M0122,-1220.12,ACH,RENT,
T0000653,6/11/22,CHK,Expense,GROC,M0044,-69.82,Debit,Groceries,
T0001000,6/12/22,CC2,Expense,ENT,M0112,-30.79,Card,Entertainment,
T0000039,6/18/22,INV401,Transfer,RET401,M_401K,255.56,Payroll,401k Contribution,
T0000038,6/18/22,CHK,Transfer,RET401,M_401K,-255.56,Payroll,401k Contribution,
T0000654,6/18/22,CHK,Expense,GROC,M0041,-81.75,Debit,Groceries,
T0001001,6/18/22,CC2,Expense,DINE,M0088,-62.07,Card,Dining,
T0000037,6/18/22,CHK,Income,PAY,M_PAYROLL,4259.26,Direct Deposit,Paycheck,
T0000655,6/20/22,CC1,Expense,GAS,M0048,-86.08,Card,Gas,
T0000656,6/25/22,CHK,Expense,GROC,M0126,-58.06,Debit,Groceries,
T0001002,6/25/22,CC2,Expense,DINE,M0144,-20.96,Card,Dining,
T0001198,6/26/22,CC1,Transfer,CC_PAY,M_CC_PAY,140.56,ACH,CC Payment,
T0001294,6/26/22,CC2,Transfer,CC_PAY,M_CC_PAY,197.43,ACH,CC Payment,
T0001197,6/26/22,CHK,Transfer,CC_PAY,M_CC_PAY,-140.56,ACH,CC Payment CC1,
T0001293,6/26/22,CHK,Transfer,CC_PAY,M_CC_PAY,-197.43,ACH,CC Payment CC2,
T0000657,6/27/22,CC1,Expense,GAS,M0002,-44.6,Card,Gas,
T0001003,7/2/22,CC2,Expense,DINE,M0138,-22.25,Card,Dining,
T0000527,7/2/22,CHK,Expense,INS,M0025,-159.85,ACH,INS,
T0000042,7/2/22,INV401,Transfer,RET401,M_401K,255.56,Payroll,401k Contribution,
T0000040,7/2/22,CHK,Income,PAY,M_PAYROLL,4259.26,Direct Deposit,Paycheck,
T0000041,7/2/22,CHK,Transfer,RET401,M_401K,-255.56,Payroll,401k Contribution,
T0000658,7/2/22,CHK,Expense,GROC,M0040,-112.26,Debit,Groceries,
T0000575,7/3/22,CC1,Expense,SUBS,M0034,-23.19,ACH,SUBS,
T0000383,7/3/22,CHK,Expense,RENT,M0008,-1245.98,ACH,RENT,
T0000479,7/3/22,CHK,Expense,PHON,M0115,-90.72,ACH,PHON,
T0000659,7/4/22,CC1,Expense,GAS,M0063,-41.6,Card,Gas,
T0000431,7/5/22,CHK,Expense,UTIL,M0092,-131.64,ACH,UTIL,
T0000088,7/9/22,CHK,Income,SIDE,M_SIDE,426.39,ACH,Side Income,
T0000660,7/9/22,CHK,Expense,GROC,M0001,-61.77,Debit,Groceries,
T0000661,7/11/22,CC1,Expense,GAS,M0079,-67.13,Card,Gas,
T0000045,7/16/22,INV401,Transfer,RET401,M_401K,255.56,Payroll,401k Contribution,
T0000662,7/16/22,CHK,Expense,GROC,M0015,-109.88,Debit,Groceries,
T0000043,7/16/22,CHK,Income,PAY,M_PAYROLL,4259.26,Direct Deposit,Paycheck,
T0000044,7/16/22,CHK,Transfer,RET401,M_401K,-255.56,Payroll,401k Contribution,
T0000663,7/18/22,CC1,Expense,GAS,M0019,-70.01,Card,Gas,
T0000664,7/23/22,CHK,Expense,GROC,M0027,-67.67,Debit,Groceries,
T0000665,7/25/22,CC1,Expense,GAS,M0131,-65.79,Card,Gas,
T0001295,7/26/22,CHK,Transfer,CC_PAY,M_CC_PAY,-79.51,ACH,CC Payment CC2,
T0001296,7/26/22,CC2,Transfer,CC_PAY,M_CC_PAY,79.51,ACH,CC Payment,
T0001200,7/26/22,CC1,Transfer,CC_PAY,M_CC_PAY,259.49,ACH,CC Payment,
T0001199,7/26/22,CHK,Transfer,CC_PAY,M_CC_PAY,-259.49,ACH,CC Payment CC1,
T0000047,7/30/22,CHK,Transfer,RET401,M_401K,-255.56,Payroll,401k Contribution,
T0000048,7/30/22,INV401,Transfer,RET401,M_401K,255.56,Payroll,401k Contribution,
T0001004,7/30/22,CC2,Expense,DINE,M0087,-90.18,Card,Dining,
T0000666,7/30/22,CHK,Expense,GROC,M0121,-52,Debit,Groceries,
T0000046,7/30/22,CHK,Income,PAY,M_PAYROLL,4259.26,Direct Deposit,Paycheck,
T0000432,8/2/22,CHK,Expense,UTIL,M0022,-128.55,ACH,UTIL,
T0000576,8/3/22,CC1,Expense,SUBS,M0057,-20.47,ACH,SUBS,
T0000384,8/3/22,CHK,Expense,RENT,M0059,-1241.6,ACH,RENT,
T0000480,8/4/22,CHK,Expense,PHON,M0052,-80.34,ACH,PHON,
T0000528,8/5/22,CHK,Expense,INS,M0082,-178.2,ACH,INS,
T0000667,8/6/22,CHK,Expense,GROC,M0003,-65.74,Debit,Groceries,
T0001005,8/7/22,CC2,Expense,ENT,M0131,-30.66,Card,Entertainment,
T0001006,8/13/22,CC2,Expense,DINE,M0067,-82.73,Card,Dining,
T0000050,8/13/22,CHK,Transfer,RET401,M_401K,-255.56,Payroll,401k Contribution,
T0000668,8/13/22,CHK,Expense,GROC,M0021,-58.78,Debit,Groceries,
T0000049,8/13/22,CHK,Income,PAY,M_PAYROLL,4259.26,Direct Deposit,Paycheck,
T0000051,8/13/22,INV401,Transfer,RET401,M_401K,255.56,Payroll,401k Contribution,
T0000669,8/20/22,CHK,Expense,GROC,M0131,-82.8,Debit,Groceries,
T0001007,8/21/22,CC2,Expense,ENT,M0001,-41.71,Card,Entertainment,
T0000089,8/24/22,CHK,Income,SIDE,M_SIDE,350.55,ACH,Side Income,
T0001201,8/26/22,CHK,Transfer,CC_PAY,M_CC_PAY,-50.92,ACH,CC Payment CC1,
T0001297,8/26/22,CHK,Transfer,CC_PAY,M_CC_PAY,-122.47,ACH,CC Payment CC2,
T0001298,8/26/22,CC2,Transfer,CC_PAY,M_CC_PAY,122.47,ACH,CC Payment,
T0001202,8/26/22,CC1,Transfer,CC_PAY,M_CC_PAY,50.92,ACH,CC Payment,
T0000054,8/27/22,INV401,Transfer,RET401,M_401K,255.56,Payroll,401k Contribution,
T0000053,8/27/22,CHK,Transfer,RET401,M_401K,-255.56,Payroll,401k Contribution,
T0000052,8/27/22,CHK,Income,PAY,M_PAYROLL,4259.26,Direct Deposit,Paycheck,
T0000670,8/27/22,CHK,Expense,GROC,M0099,-70.01,Debit,Groceries,
T0000671,8/29/22,CC1,Expense,GAS,M0110,-39.88,Card,Gas,
T0000096,9/1/22,SAV,Income,INT,M_BANKINT,50.11,ACH,Interest,
T0001179,9/2/22,CC1,Expense,TRAV,M0075,-992.66,Card,Travel,
T0000481,9/2/22,CHK,Expense,PHON,M0130,-115.79,ACH,PHON,
T0000672,9/3/22,CHK,Expense,GROC,M0047,-52.02,Debit,Groceries,
T0000577,9/3/22,CC1,Expense,,M0115,-20,ACH,SUBS,category_missing
T0001008,9/3/22,CC2,Expense,DINE,M0038,-53.37,Card,Dining,
T0000385,9/4/22,CHK,Expense,RENT,M0136,-1300.35,ACH,RENT,
T0000433,9/4/22,CHK,Expense,UTIL,M0095,-116.91,ACH,UTIL,
T0000673,9/5/22,CC1,Expense,GAS,M0127,-63.71,Card,Gas,
T0000529,9/5/22,CHK,Expense,INS,M0102,-112.77,ACH,INS,
T0000055,9/10/22,CHK,Income,PAY,M_PAYROLL,4259.26,Direct Deposit,Paycheck,
T0000056,9/10/22,CHK,Transfer,RET401,M_401K,-255.56,Payroll,401k Contribution,
T0000057,9/10/22,INV401,Transfer,RET401,M_401K,255.56,Payroll,401k Contribution,
T0001009,9/10/22,CC2,Expense,DINE,M0099,-55.56,Card,Dining,
T0000674,9/10/22,CHK,Expense,GROC,M0134,-58.87,Debit,Groceries,
T0000675,9/12/22,CC1,Expense,GAS,M0039,-53.96,Card,Gas,
T0001010,9/17/22,CC2,Expense,DINE,M0048,-32.2,Card,Dining,
T0000676,9/17/22,CHK,Expense,GROC,M0140,-25.57,Debit,Groceries,
T0000090,9/18/22,CHK,Income,SIDE,M_SIDE,366.86,ACH,Side Income,
T0000677,9/19/22,CC1,Expense,GAS,M0122,-52.77,Card,Gas,
T0000058,9/24/22,CHK,Income,PAY,M_PAYROLL,4259.26,Direct Deposit,Paycheck,
T0000678,9/24/22,CHK,Expense,GROC,M0085,-83.92,Debit,Groceries,
T0000059,9/24/22,CHK,Transfer,RET401,M_401K,-255.56,Payroll,401k Contribution,
T0000060,9/24/22,INV401,Transfer,RET401,M_401K,255.56,Payroll,401k Contribution,
T0000679,9/26/22,CC1,Expense,GAS,M0044,-67.63,Card,Gas,
T0001300,9/26/22,CC2,Transfer,CC_PAY,M_CC_PAY,123.11,ACH,CC Payment,
T0001204,9/26/22,CC1,Transfer,CC_PAY,M_CC_PAY,1219.25,ACH,CC Payment,
T0001203,9/26/22,CHK,Transfer,CC_PAY,M_CC_PAY,-1219.25,ACH,CC Payment CC1,
T0001299,9/26/22,CHK,Transfer,CC_PAY,M_CC_PAY,-123.11,ACH,CC Payment CC2,
T0000680,10/1/22,CHK,Expense,GROC,M0141,-75.95,Debit,Groceries,
T0000386,10/2/22,CHK,Expense,RENT,M0140,-1309.2,ACH,RENT,
T0001011,10/2/22,CC2,Expense,ENT,M0137,-66.61,Card,Entertainment,
T0000530,10/3/22,CHK,Expense,INS,M0001,-142.78,ACH,INS,
T0000482,10/3/22,CHK,Expense,PHON,M0022,-88.97,ACH,PHON,
T0000681,10/3/22,CC1,Expense,GAS,M0047,-63.5,Card,Gas,
T0000578,10/5/22,CC1,Expense,SUBS,M0016,-20,ACH,SUBS,
T0000434,10/5/22,CHK,Expense,UTIL,M0079,-108.92,ACH,UTIL,
T0000061,10/8/22,CHK,Income,PAY,M_PAYROLL,4259.26,Direct Deposit,Paycheck,
T0000682,10/8/22,CHK,Expense,GROC,M0117,-84.8,Debit,Groceries,
T0000063,10/8/22,INV401,Transfer,RET401,M_401K,255.56,Payroll,401k Contribution,
T0000062,10/8/22,CHK,Transfer,RET401,M_401K,-255.56,Payroll,401k Contribution,
T0000683,10/10/22,CC1,Expense,GAS,M0033,-25.87,Card,Gas,
T0000684,10/15/22,CHK,Expense,GROC,M0026,-70.88,Debit,Groceries,
T0000685,10/17/22,CC1,Expense,GAS,M0032,-59.15,Card,Gas,
T0000091,10/18/22,CHK,Income,SIDE,M_SIDE,488.43,ACH,Side Income,
T0000686,10/22/22,CHK,Expense,GROC,M0124,-41.03,Debit,Groceries,
T0000066,10/22/22,INV401,Transfer,RET401,M_401K,255.56,Payroll,401k Contribution,
T0000065,10/22/22,CHK,Transfer,RET401,M_401K,-255.56,Payroll,401k Contribution,
T0000064,10/22/22,CHK,Income,PAY,M_PAYROLL,4259.26,Direct Deposit,Paycheck,
T0001012,10/22/22,CC2,Expense,DINE,M0142,-64.58,Card,Dining,
T0000687,10/24/22,CC1,Expense,GAS,M0132,-57.09,Card,Gas,
T0001301,10/26/22,CHK,Transfer,CC_PAY,M_CC_PAY,-179.32,ACH,CC Payment CC2,
T0001206,10/26/22,CC1,Transfer,CC_PAY,M_CC_PAY,203.01,ACH,CC Payment,
T0001205,10/26/22,CHK,Transfer,CC_PAY,M_CC_PAY,-203.01,ACH,CC Payment CC1,
T0001302,10/26/22,CC2,Transfer,CC_PAY,M_CC_PAY,179.32,ACH,CC Payment,
T0001013,10/29/22,CC2,Expense,DINE,M0080,-55.66,Card,Dining,
T0000688,10/29/22,CHK,Expense,GROC,M0029,-44.72,Debit,Groceries,
T0001014,10/30/22,CC2,Expense,ENT,M0068,-10,Card,Entertainment,
T0000689,10/31/22,CC1,Expense,GAS,M0025,-49.37,Card,Gas,
T0000579,11/2/22,CC1,Expense,SUBS,M0146,-23.48,ACH,SUBS,
T0000483,11/3/22,CHK,Expense,PHON,M0085,-81.95,ACH,PHON,
T0000531,11/4/22,CHK,Expense,INS,M0048,-209.54,ACH,INS,
T0000435,11/4/22,CHK,Expense,UTIL,M0040,-98.42,ACH,UTIL,
T0000387,11/5/22,CHK,Expense,RENT,M0038,-1255.58,ACH,RENT,
T0001015,11/5/22,CC2,Expense,DINE,M0060,-57.7,Card,Dining,
T0000069,11/5/22,INV401,Transfer,RET401,M_401K,255.56,Payroll,401k Contribution,
T0000068,11/5/22,CHK,Transfer,RET401,M_401K,-255.56,Payroll,401k Contribution,
T0000067,11/5/22,CHK,Income,PAY,M_PAYROLL,4259.26,Direct Deposit,Paycheck,
T0000690,11/5/22,CHK,Expense,GROC,M0026,-72.76,Debit,Groceries,
T0000691,11/7/22,CC1,Expense,GAS,M0116,-56.84,Card,Gas,
T0000692,11/12/22,CHK,Expense,GROC,M0121,-58.97,Debit,Groceries,
T0000693,11/14/22,CC1,Expense,GAS,M0077,-40.51,Card,Gas,
T0000070,11/19/22,CHK,Income,PAY,M_PAYROLL,4259.26,Direct Deposit,Paycheck,
T0000071,11/19/22,CHK,Transfer,RET401,M_401K,-255.56,Payroll,401k Contribution,
T0000072,11/19/22,INV401,Transfer,RET401,M_401K,255.56,Payroll,401k Contribution,
T0000694,11/19/22,CHK,Expense,GROC,M0031,-74.04,Debit,Groceries,
T0001016,11/20/22,CC2,Expense,ENT,M0021,-34.58,Card,Entertainment,
T0000695,11/21/22,CC1,Expense,GAS,M0075,-106.43,Card,Gas,
T0000092,11/21/22,CHK,Income,SIDE,M_SIDE,569.76,ACH,Side Income,
T0000696,11/26/22,CHK,Expense,GROC,M0116,-49.81,Debit,Groceries,
T0001303,11/26/22,CHK,Transfer,CC_PAY,M_CC_PAY,-119.17,ACH,CC Payment CC2,
T0001017,11/26/22,CC2,Expense,DINE,M0075,-35.57,Card,Dining,
T0001304,11/26/22,CC2,Transfer,CC_PAY,M_CC_PAY,119.17,ACH,CC Payment,
T0001207,11/26/22,CHK,Transfer,CC_PAY,M_CC_PAY,-199.06,ACH,CC Payment CC1,
T0001208,11/26/22,CC1,Transfer,CC_PAY,M_CC_PAY,199.06,ACH,CC Payment,
T0000697,11/28/22,CC1,Expense,GAS,M0084,-38.2,Card,Gas,
T0000097,12/1/22,SAV,Income,INT,M_BANKINT,43.16,ACH,Interest,
T0000073,12/3/22,CHK,Income,PAY,M_PAYROLL,4259.26,Direct Deposit,Paycheck,
T0000698,12/3/22,CHK,Expense,GROC,M0002,-94.61,Debit,Groceries,
T0000075,12/3/22,INV401,Transfer,RET401,M_401K,255.56,Payroll,401k Contribution,
T0000074,12/3/22,CHK,Transfer,RET401,M_401K,-255.56,Payroll,401k Contribution,
T0000436,12/3/22,CHK,Expense,UTIL,M0018,-185.31,ACH,UTIL,
T0000388,12/3/22,CHK,Expense,RENT,M0052,-1288.8,ACH,RENT,
T0001018,12/3/22,CC2,Expense,DINE,M0073,-42.3,Card,Dining,
T0000532,12/3/22,CHK,Expense,INS,M0108,-174.48,ACH,INS,
T0000580,12/4/22,CC1,Expense,SUBS,M0132,-20,ACH,SUBS,
T0000484,12/4/22,CHK,Expense,PHON,M0113,-89.1,ACH,PHON,
T0000699,12/10/22,CHK,Expense,GROC,M0091,-62.89,Debit,Groceries,
T0001019,12/10/22,CC2,Expense,DINE,M0082,-37.28,Card,Dining,
T0000700,12/12/22,CC1,Expense,GAS,M0025,-35.43,Card,Gas,
T0000701,12/17/22,CHK,Expense,GROC,M0140,-51.07,Debit,Groceries,
T0001020,12/17/22,CC2,Expense,DINE,M0117,-38.88,Card,Dining,
T0000076,12/17/22,CHK,Income,PAY,M_PAYROLL,4259.26,Direct Deposit,Paycheck,
T0000077,12/17/22,CHK,Transfer,RET401,M_401K,-255.56,Payroll,401k Contribution,
T0000078,12/17/22,INV401,Transfer,RET401,M_401K,255.56,Payroll,401k Contribution,
T0001021,12/18/22,CC2,Expense,ENT,M0086,-19.41,Card,Entertainment,
T0000702,12/19/22,CC1,Expense,GAS,M0025,-15,Card,Gas,
T0000093,12/19/22,CHK,Income,SIDE,M_SIDE,464.93,ACH,Side Income,
T0001022,12/24/22,CC2,Expense,DINE,M0080,-62.76,Card,Dining,
T0000703,12/24/22,CHK,Expense,GROC,M0095,-38.86,Debit,Groceries,
T0001023,12/25/22,CC2,Expense,ENT,M0083,-29.42,Card,Entertainment,
T0001306,12/26/22,CC2,Transfer,CC_PAY,M_CC_PAY,187.49,ACH,CC Payment,
T0001305,12/26/22,CHK,Transfer,CC_PAY,M_CC_PAY,-187.49,ACH,CC Payment CC2,
T0001209,12/26/22,CHK,Transfer,CC_PAY,M_CC_PAY,-65.45,ACH,CC Payment CC1,
T0001210,12/26/22,CC1,Transfer,CC_PAY,M_CC_PAY,65.45,ACH,CC Payment,
T0000079,12/31/22,CHK,Income,PAY,M_PAYROLL,4259.26,Direct Deposit,Paycheck,
T0000080,12/31/22,CHK,Transfer,RET401,M_401K,-255.56,Payroll,401k Contribution,
T0000081,12/31/22,INV401,Transfer,RET401,M_401K,255.56,Payroll,401k Contribution,
T0000704,12/31/22,CHK,Expense,GROC,M0119,-78.71,Debit,Groceries,
T0001024,1/1/23,CC2,Expense,ENT,M0134,-67.65,Card,Entertainment,
T0000389,1/2/23,CHK,Expense,RENT,M0079,-1055.33,ACH,RENT,
T0000581,1/2/23,CC1,Expense,SUBS,M0039,-20,ACH,SUBS,
T0000485,1/2/23,CHK,Expense,PHON,M0131,-94.54,ACH,PHON,
T0000705,1/2/23,CC1,Expense,GAS,M0012,-19.52,Card,Gas,
T0000533,1/4/23,CHK,Expense,INS,M0018,-226.18,ACH,INS,
T0000437,1/5/23,CHK,Expense,UTIL,M0076,-88.83,ACH,UTIL,
T0000706,1/7/23,CHK,Expense,GROC,M0073,-63.41,Debit,Groceries,
T0000707,1/9/23,CC1,Expense,GAS,M0049,-66.12,Card,Gas,
T0000177,1/9/23,CHK,Income,SIDE,M_SIDE,681.59,ACH,Side Income,
T0000098,1/14/23,CHK,Income,PAY,M_PAYROLL,4615.38,Direct Deposit,Paycheck,
T0000099,1/14/23,CHK,Transfer,RET401,M_401K,-276.92,Payroll,401k Contribution,
T0000708,1/14/23,CHK,Expense,GROC,M0016,-73.03,Debit,Groceries,
T0001025,1/14/23,CC2,Expense,DINE,M0003,-15,Card,Dining,
T0000100,1/14/23,INV401,Transfer,RET401,M_401K,276.92,Payroll,401k Contribution,
T0001026,1/15/23,CC2,Expense,ENT,M0056,-64.1,Card,Entertainment,
T0000709,1/16/23,CC1,Expense,GAS,M0139,-67.62,Card,Gas,
T0001027,1/21/23,CC2,Expense,DINE,M0116,-52.08,Card,Dining,
T0000710,1/21/23,CHK,Expense,GROC,M0137,-60.53,Debit,Groceries,
T0000711,1/23/23,CC1,Expense,GAS,M0070,-38.96,Card,Gas,
T0001211,1/26/23,CHK,Transfer,CC_PAY,M_CC_PAY,-229.9,ACH,CC Payment CC1,
T0001307,1/26/23,CHK,Transfer,CC_PAY,M_CC_PAY,-214.17,ACH,CC Payment CC2,
T0001212,1/26/23,CC1,Transfer,,M_CC_PAY,229.9,ACH,CC Payment,category_missing
T0001308,1/26/23,CC2,Transfer,CC_PAY,M_CC_PAY,214.17,ACH,CC Payment,
T0000102,1/28/23,CHK,Transfer,RET401,M_401K,-276.92,Payroll,401k Contribution,
T0000101,1/28/23,CHK,Income,PAY,M_PAYROLL,4615.38,Direct Deposit,Paycheck,
T0000712,1/28/23,CHK,Expense,GROC,M0146,-111.21,Debit,Groceries,
T0001028,1/28/23,CC2,Expense,DINE,M0063,-80.74,Card,Dining,
T0000103,1/28/23,INV401,Transfer,RET401,M_401K,276.92,Payroll,401k Contribution,
T0000713,1/30/23,CC1,Expense,GAS,M0011,-78.18,Card,Gas,
T0000390,2/2/23,CHK,Expense,RENT,M0015,-1335.46,ACH,RENT,
T0000486,2/3/23,CHK,Expense,PHON,M0024,-93.59,ACH,PHON,
T0000582,2/3/23,CC1,Expense,SUBS,M0059,-21.38,ACH,SUBS,
T0000714,2/4/23,CHK,Expense,GROC,M0014,-63.02,Debit,Groceries,
T0001029,2/4/23,CC2,Expense,DINE,M0015,-60.03,Card,Dining,
T0000534,2/5/23,CHK,Expense,INS,M0091,-161.38,ACH,INS,
T0001030,2/5/23,CC2,Expense,ENT,M0026,-40.59,Card,Entertainment,
T0000438,2/5/23,CHK,Expense,UTIL,M0030,-124,ACH,UTIL,
T0000715,2/6/23,CC1,Expense,GAS,M0100,-42.97,Card,Gas,
T0000104,2/11/23,CHK,Income,PAY,M_PAYROLL,4615.38,Direct Deposit,Paycheck,
T0000106,2/11/23,INV401,Transfer,RET401,M_401K,276.92,Payroll,401k Contribution,
T0000105,2/11/23,CHK,Transfer,RET401,M_401K,-276.92,Payroll,401k Contribution,
T0000716,2/11/23,CHK,Expense,GROC,M0042,-71.06,Debit,Groceries,
T0001031,2/12/23,CC2,Expense,ENT,M0053,-26.91,Card,Entertainment,
T0000717,2/13/23,CC1,Expense,GAS,M0041,-70.34,Card,Gas,
T0000176,2/15/23,CHK,Income,BONUS,M_PAYROLL,7798.16,Direct Deposit,Annual Bonus,
T0000178,2/15/23,CHK,Income,SIDE,M_SIDE,365.34,ACH,Side Income,
T0000718,2/18/23,CHK,Expense,GROC,M0112,-62.47,Debit,Groceries,
T0001032,2/18/23,CC2,Expense,DINE,M0054,-28.95,Card,Dining,
T0000719,2/20/23,CC1,Expense,GAS,M0004,-61.52,Card,Gas,
T0000720,2/25/23,CHK,Expense,GROC,M0057,-105.26,Debit,Groceries,
T0000107,2/25/23,CHK,Income,PAY,M_PAYROLL,4615.38,Direct Deposit,Paycheck,
T0001033,2/25/23,CC2,Expense,DINE,M0084,-16.06,Card,Dining,
T0000108,2/25/23,CHK,Transfer,RET401,M_401K,-276.92,Payroll,401k Contribution,
T0000109,2/25/23,INV401,Transfer,RET401,M_401K,276.92,Payroll,401k Contribution,
T0001310,2/26/23,CC2,Transfer,CC_PAY,M_CC_PAY,207.01,ACH,CC Payment,
T0001309,2/26/23,CHK,Transfer,CC_PAY,M_CC_PAY,-207.01,ACH,CC Payment CC2,
T0001034,2/26/23,CC2,Expense,ENT,M0021,-44.06,Card,Entertainment,
T0001214,2/26/23,CC1,Transfer,CC_PAY,M_CC_PAY,189.46,ACH,CC Payment,
T0001213,2/26/23,CHK,Transfer,CC_PAY,M_CC_PAY,-189.46,ACH,CC Payment CC1,
T0000721,2/27/23,CC1,Expense,GAS,M0120,-20.17,Card,Gas,
T0000189,3/1/23,SAV,Income,INT,M_BANKINT,25.03,ACH,Interest,
T0000391,3/2/23,CHK,Expense,RENT,M0024,-1320.62,ACH,RENT,
T0000535,3/3/23,CHK,Expense,INS,M0021,-156.55,ACH,INS,
T0000722,3/4/23,CHK,Expense,GROC,M0009,-68.01,Debit,Groceries,
T0001035,3/4/23,CC2,Expense,DINE,M0020,-19.67,Card,Dining,
T0000487,3/4/23,CHK,Expense,PHON,M0097,-78.17,ACH,PHON,
T0000583,3/4/23,CC1,Expense,SUBS,M0146,-20,ACH,SUBS,
T0000439,3/5/23,CHK,Expense,UTIL,M0064,-110.91,ACH,UTIL,
T0000723,3/6/23,CC1,Expense,GAS,M0136,-57.19,Card,Gas,
T0000179,3/7/23,CHK,Income,SIDE,M_SIDE,753.2,ACH,Side Income,
T0000724,3/11/23,CHK,Expense,GROC,M0139,-107.92,Debit,Groceries,
T0000110,3/11/23,CHK,Income,PAY,M_PAYROLL,4615.38,Direct Deposit,Paycheck,
T0000111,3/11/23,CHK,Transfer,RET401,M_401K,-276.92,Payroll,401k Contribution,
T0000112,3/11/23,INV401,Transfer,RET401,M_401K,276.92,Payroll,401k Contribution,
T0000725,3/13/23,CC1,Expense,GAS,M0106,-71.26,Card,Gas,
T0000726,3/18/23,CHK,Expense,GROC,M0023,-47.47,Debit,Groceries,
T0001036,3/19/23,CC2,Expense,ENT,M0027,-64.3,Card,Entertainment,
T0000727,3/20/23,CC1,Expense,GAS,M0002,-96.92,Card,Gas,
T0000728,3/25/23,CHK,Expense,GROC,M0065,-94.32,Debit,Groceries,
T0001037,3/25/23,CC2,Expense,DINE,M0113,-77.48,Card,Dining,
T0000113,3/25/23,CHK,Income,PAY,M_PAYROLL,4615.38,Direct Deposit,Paycheck,
T0000114,3/25/23,CHK,Transfer,RET401,M_401K,-276.92,Payroll,401k Contribution,
T0000115,3/25/23,INV401,Transfer,RET401,M_401K,276.92,Payroll,401k Contribution,
T0001311,3/26/23,CHK,Transfer,CC_PAY,M_CC_PAY,-126.29,ACH,CC Payment CC2,
T0001215,3/26/23,CHK,Transfer,CC_PAY,M_CC_PAY,-257.67,ACH,CC Payment CC1,
T0001216,3/26/23,CC1,Transfer,CC_PAY,M_CC_PAY,257.67,ACH,CC Payment,
T0001312,3/26/23,CC2,Transfer,CC_PAY,M_CC_PAY,126.29,ACH,CC Payment,
T0001038,3/26/23,CC2,Expense,ENT,M0038,-10,Card,Entertainment,
T0000729,3/27/23,CC1,Expense,GAS,M0050,-58.08,Card,Gas,
T0000730,4/1/23,CHK,Expense,GROC,M0023,-119.68,Debit,Groceries,
T0000488,4/2/23,CHK,Expense,PHON,M0033,-94.42,ACH,PHON,
T0000584,4/2/23,CC1,Expense,SUBS,M0026,-20,ACH,SUBS,
T0000440,4/3/23,CHK,Expense,UTIL,M0080,-129.27,ACH,UTIL,
T0000731,4/3/23,CC1,Expense,GAS,M0102,-52.78,Card,Gas,
T0000536,4/3/23,CHK,Expense,INS,M0117,-140.69,ACH,INS,
T0000392,4/4/23,CHK,Expense,RENT,M0085,-1079,ACH,RENT,
T0000116,4/8/23,CHK,Income,PAY,M_PAYROLL,4615.38,Direct Deposit,Paycheck,
T0000118,4/8/23,INV401,Transfer,RET401,M_401K,276.92,Payroll,401k Contribution,
T0000117,4/8/23,CHK,Transfer,RET401,M_401K,-276.92,Payroll,401k Contribution,
T0000732,4/8/23,CHK,Expense,GROC,M0080,-86.51,Debit,Groceries,
T0001039,4/15/23,CC2,Expense,DINE,M0010,-42.56,Card,Dining,
T0000733,4/15/23,CHK,Expense,GROC,M0033,-64.07,Debit,Groceries,
T0000734,4/17/23,CC1,Expense,GAS,M0018,-49.44,Card,Gas,
T0000180,4/21/23,CHK,Income,SIDE,M_SIDE,716.4,ACH,Side Income,
T0000121,4/22/23,INV401,Transfer,RET401,M_401K,276.92,Payroll,401k Contribution,
T0000120,4/22/23,CHK,Transfer,RET401,M_401K,-276.92,Payroll,401k Contribution,
T0001040,4/22/23,CC2,Expense,DINE,M0013,-51.7,Card,Dining,
T0000735,4/22/23,CHK,Expense,GROC,M0145,-78.01,Debit,Groceries,
T0000119,4/22/23,CHK,Income,PAY,M_PAYROLL,4615.38,Direct Deposit,Paycheck,
T0001217,4/26/23,CHK,Transfer,CC_PAY,M_CC_PAY,-90.9,ACH,CC Payment CC1,
T0001314,4/26/23,CC2,Transfer,CC_PAY,M_CC_PAY,98.03,ACH,CC Payment,
T0001313,4/26/23,CHK,Transfer,CC_PAY,M_CC_PAY,-98.03,ACH,CC Payment CC2,
T0001218,4/26/23,CC1,Transfer,CC_PAY,M_CC_PAY,90.9,ACH,CC Payment,
T0001041,4/29/23,CC2,Expense,DINE,M0077,-41.99,Card,Dining,
T0000736,4/29/23,CHK,Expense,GROC,M0033,-46.46,Debit,Groceries,
T0000737,5/1/23,CC1,Expense,GAS,M0098,-72.54,Card,Gas,
T0000393,5/4/23,CHK,Expense,RENT,M0140,-1212.87,ACH,RENT,
T0000537,5/4/23,CHK,Expense,INS,M0075,-179.89,ACH,INS,
T0000489,5/4/23,CHK,Expense,PHON,M0069,-114.36,ACH,PHON,
T0000585,5/4/23,CC1,Expense,SUBS,M0064,-20,ACH,SUBS,
T0000441,5/5/23,CHK,Expense,UTIL,M0123,-209.93,ACH,UTIL,
T0000738,5/6/23,CHK,Expense,GROC,M0073,-50.82,Debit,Groceries,
T0000124,5/6/23,INV401,Transfer,RET401,M_401K,276.92,Payroll,401k Contribution,
T0000123,5/6/23,CHK,Transfer,RET401,M_401K,-276.92,Payroll,401k Contribution,
T0000122,5/6/23,CHK,Income,PAY,M_PAYROLL,4615.38,Direct Deposit,Paycheck,
T0000181,5/11/23,CHK,Income,SIDE,M_SIDE,393.57,ACH,Side Income,
T0000739,5/13/23,CHK,Expense,GROC,M0086,-91.62,Debit,Groceries,
T0001042,5/14/23,CC2,Expense,ENT,M0135,-61.57,Card,Entertainment,
T0000740,5/15/23,CC1,Expense,GAS,M0137,-58.65,Card,Gas,
T0000126,5/20/23,CHK,Transfer,RET401,M_401K,-276.92,Payroll,401k Contribution,
T0000741,5/20/23,CHK,Expense,GROC,M0013,-48.5,Debit,Groceries,
T0001043,5/20/23,CC2,Expense,DINE,M0013,-53.27,Card,Dining,
T0000127,5/20/23,INV401,Transfer,RET401,M_401K,276.92,Payroll,401k Contribution,
T0000125,5/20/23,CHK,Income,PAY,M_PAYROLL,4615.38,Direct Deposit,Paycheck,
T0001316,5/26/23,CC2,Transfer,CC_PAY,M_CC_PAY,88.37,ACH,CC Payment,
T0001315,5/26/23,CHK,Transfer,CC_PAY,M_CC_PAY,-88.37,ACH,CC Payment CC2,
T0001220,5/26/23,CC1,Transfer,CC_PAY,M_CC_PAY,140.04,ACH,CC Payment,
T0001219,5/26/23,CHK,Transfer,CC_PAY,M_CC_PAY,-140.04,ACH,CC Payment CC1,
T0000742,5/27/23,CHK,Expense,GROC,M0030,-132.82,Debit,Groceries,
T0000190,6/1/23,SAV,Income,INT,M_BANKINT,27.37,ACH,Interest,
T0000442,6/2/23,CHK,Expense,UTIL,M0075,-165.46,ACH,UTIL,
T0000490,6/2/23,CHK,Expense,PHON,M0108,-92.95,ACH,PHON,
T0000129,6/3/23,CHK,Transfer,RET401,M_401K,-276.92,Payroll,401k Contribution,
T0000586,6/3/23,CC1,Expense,SUBS,M0075,-20,ACH,SUBS,
T0000130,6/3/23,INV401,Transfer,RET401,M_401K,276.92,Payroll,401k Contribution,
T0000128,6/3/23,CHK,Income,PAY,M_PAYROLL,4615.38,Direct Deposit,Paycheck,
T0001044,6/3/23,CC2,Expense,DINE,M0027,-27.82,Card,Dining,
T0000743,6/3/23,CHK,Expense,GROC,M0057,-69.52,Debit,Groceries,
T0000538,6/4/23,CHK,Expense,INS,M0125,-168.86,ACH,INS,
T0000394,6/5/23,CHK,Expense,RENT,M0033,-1313.68,ACH,RENT,
T0000744,6/5/23,CC1,Expense,GAS,M0086,-57.42,Card,Gas,
T0000182,6/8/23,CHK,Income,SIDE,M_SIDE,487.69,ACH,Side Income,
T0000745,6/10/23,CHK,Expense,GROC,M0029,-77.55,Debit,Groceries,
T0000746,6/12/23,CC1,Expense,GAS,M0045,-28.62,Card,Gas,
T0001180,6/12/23,CC1,Expense,TRAV,M0077,-566.56,Card,Travel,
T0001045,6/17/23,CC2,Expense,DINE,M0068,-47.06,Card,Dining,
T0000747,6/17/23,CHK,Expense,GROC,M0105,-101.38,Debit,Groceries,
T0000131,6/17/23,CHK,Income,PAY,M_PAYROLL,4615.38,Direct Deposit,Paycheck,
T0000132,6/17/23,CHK,Transfer,RET401,M_401K,-276.92,Payroll,401k Contribution,
T0000133,6/17/23,INV401,Transfer,RET401,M_401K,276.92,Payroll,401k Contribution,
T0000748,6/19/23,CC1,Expense,GAS,M0063,-83.17,Card,Gas,
T0000749,6/24/23,CHK,Expense,GROC,M0121,-79.68,Debit,Groceries,
T0001046,6/25/23,CC2,Expense,ENT,M0072,-51.86,Card,Entertainment,
T0000750,6/26/23,CC1,Expense,GAS,M0125,-60.54,Card,Gas,
T0001221,6/26/23,CHK,Transfer,CC_PAY,M_CC_PAY,-752.99,ACH,CC Payment CC1,
T0001222,6/26/23,CC1,Transfer,CC_PAY,M_CC_PAY,752.99,ACH,CC Payment,
T0001317,6/26/23,CHK,Transfer,CC_PAY,M_CC_PAY,-107.45,ACH,CC Payment CC2,
T0001318,6/26/23,CC2,Transfer,CC_PAY,M_CC_PAY,107.45,ACH,CC Payment,
T0000135,7/1/23,CHK,Transfer,RET401,M_401K,-276.92,Payroll,401k Contribution,
T0000751,7/1/23,CHK,Expense,GROC,M0064,-93.4,Debit,Groceries,
T0000136,7/1/23,INV401,Transfer,RET401,M_401K,276.92,Payroll,401k Contribution,
T0001047,7/1/23,CC2,Expense,DINE,M0147,-35.7,Card,Dining,
T0000134,7/1/23,CHK,Income,PAY,M_PAYROLL,4615.38,Direct Deposit,Paycheck,
T0000587,7/2/23,CC1,Expense,SUBS,M0042,-22.58,ACH,SUBS,
T0000395,7/2/23,CHK,Expense,RENT,M0110,-1475.77,ACH,RENT,
T0000752,7/3/23,CC1,Expense,GAS,M0023,-64.76,Card,Gas,
T0000539,7/5/23,CHK,Expense,INS,M0146,-199.82,ACH,INS,
T0000443,7/5/23,CHK,Expense,UTIL,M0042,-140.91,ACH,UTIL,
T0000491,7/5/23,CHK,Expense,PHON,M0056,-83.51,ACH,PHON,
T0000753,7/8/23,CHK,Expense,GROC,M0034,-61.96,Debit,Groceries,
T0000139,7/15/23,INV401,Transfer,RET401,M_401K,276.92,Payroll,401k Contribution,
T0000138,7/15/23,CHK,Transfer,RET401,M_401K,-276.92,Payroll,401k Contribution,
T0000137,7/15/23,CHK,Income,PAY,M_PAYROLL,4615.38,Direct Deposit,Paycheck,
T0000754,7/15/23,CHK,Expense,GROC,M0026,-97.5,Debit,Groceries,
T0001048,7/15/23,CC2,Expense,DINE,M0061,-15,Card,Dining,
T0000755,7/17/23,CC1,Expense,GAS,M0120,-57.96,Card,Gas,
T0000183,7/22/23,CHK,Income,SIDE,M_SIDE,348.4,ACH,Side Income,
T0000756,7/22/23,CHK,Expense,GROC,M0146,-76.71,Debit,Groceries,
T0001049,7/23/23,CC2,Expense,ENT,M0078,-27.02,Card,Entertainment,
T0000757,7/24/23,CC1,Expense,GAS,M0060,-45.86,Card,Gas,
T0001224,7/26/23,CC1,Transfer,CC_PAY,M_CC_PAY,187.62,ACH,CC Payment,
T0001223,7/26/23,CHK,Transfer,CC_PAY,M_CC_PAY,-187.62,ACH,CC Payment CC1,
T0001319,7/26/23,CHK,Transfer,CC_PAY,M_CC_PAY,-76.37,ACH,CC Payment CC2,
T0001320,7/26/23,CC2,Transfer,CC_PAY,M_CC_PAY,76.37,ACH,CC Payment,
T0000758,7/29/23,CHK,Expense,GROC,M0008,-57.34,Debit,Groceries,
T0000141,7/29/23,CHK,Transfer,RET401,M_401K,-276.92,Payroll,401k Contribution,
T0000142,7/29/23,INV401,Transfer,RET401,M_401K,276.92,Payroll,401k Contribution,
T0000140,7/29/23,CHK,Income,PAY,M_PAYROLL,4615.38,Direct Deposit,Paycheck,
T0000759,7/31/23,CC1,Expense,GAS,M0047,-61.16,Card,Gas,
T0000492,8/2/23,CHK,Expense,PHON,M0022,-85.89,ACH,PHON,
T0000444,8/3/23,CHK,Expense,UTIL,M0126,-173.51,ACH,UTIL,
T0000540,8/4/23,CHK,Expense,INS,M0013,-163.04,ACH,INS,
T0001050,8/5/23,CC2,Expense,DINE,M0051,-52.67,Card,Dining,
T0000588,8/5/23,CC1,Expense,SUBS,M0136,-20,ACH,SUBS,
T0000396,8/5/23,CHK,Expense,RENT,M0120,-1172.07,ACH,RENT,
T0000760,8/5/23,CHK,Expense,GROC,M0057,-70.29,Debit,Groceries,
T0000184,8/6/23,CHK,Income,SIDE,M_SIDE,712.88,ACH,Side Income,
T0000143,8/12/23,CHK,Income,PAY,M_PAYROLL,4615.38,Direct Deposit,Paycheck,
T0000144,8/12/23,CHK,Transfer,RET401,M_401K,-276.92,Payroll,401k Contribution,
T0001051,8/12/23,CC2,Expense,DINE,M0127,-77.24,Card,Dining,
T0000761,8/12/23,CHK,Expense,GROC,M0122,-40.32,Debit,Groceries,
T0000145,8/12/23,INV401,Transfer,RET401,M_401K,276.92,Payroll,401k Contribution,
T0001052,8/19/23,CC2,Expense,DINE,M0104,-107.64,Card,Dining,
T0000762,8/19/23,CHK,Expense,GROC,M0054,-59.02,Debit,Groceries,
T0001053,8/20/23,CC2,Expense,ENT,M0038,-58.53,Card,Entertainment,
T0000763,8/21/23,CC1,Expense,GAS,M0032,-80.2,Card,Gas,
T0000764,8/26/23,CHK,Expense,GROC,M0150,-72.58,Debit,Groceries,
T0000146,8/26/23,CHK,Income,PAY,M_PAYROLL,4615.38,Direct Deposit,Paycheck,
T0001054,8/26/23,CC2,Expense,DINE,M0034,-50.53,Card,Dining,
T0001321,8/26/23,CHK,Transfer,CC_PAY,M_CC_PAY,-374.08,ACH,CC Payment CC2,
T0001226,8/26/23,CC1,Transfer,CC_PAY,M_CC_PAY,115.16,ACH,CC Payment,
T0001225,8/26/23,CHK,Transfer,CC_PAY,M_CC_PAY,-115.16,ACH,CC Payment CC1,
T0000147,8/26/23,CHK,Transfer,RET401,M_401K,-276.92,Payroll,401k Contribution,
T0000148,8/26/23,INV401,Transfer,RET401,M_401K,276.92,Payroll,401k Contribution,
T0001322,8/26/23,CC2,Transfer,CC_PAY,M_CC_PAY,374.08,ACH,CC Payment,
T0001055,8/27/23,CC2,Expense,ENT,M0143,-60.59,Card,Entertainment,
T0000765,8/28/23,CC1,Expense,GAS,M0061,-47.83,Card,Gas,
T0000191,9/1/23,SAV,Income,INT,M_BANKINT,51.98,ACH,Interest,
T0000766,9/2/23,CHK,Expense,GROC,M0142,-98.28,Debit,Groceries,
T0000541,9/2/23,CHK,Expense,INS,M0003,-190.59,ACH,INS,
T0000397,9/2/23,CHK,Expense,RENT,M0041,-1132.94,ACH,RENT,
T0000445,9/3/23,CHK,Expense,UTIL,M0018,-143.8,ACH,UTIL,
T0000493,9/3/23,CHK,Expense,PHON,M0139,-83.86,ACH,PHON,
T0001056,9/3/23,CC2,Expense,ENT,M0115,-17.24,Card,Entertainment,
T0000589,9/5/23,CC1,Expense,SUBS,M0106,-24.06,ACH,SUBS,
T0000767,9/9/23,CHK,Expense,GROC,M0035,-64.32,Debit,Groceries,
T0000151,9/9/23,INV401,Transfer,RET401,M_401K,276.92,Payroll,401k Contribution,
T0000150,9/9/23,CHK,Transfer,RET401,M_401K,-276.92,Payroll,401k Contribution,
T0000149,9/9/23,CHK,Income,PAY,M_PAYROLL,4615.38,Direct Deposit,Paycheck,
T0000768,9/11/23,CC1,Expense,GAS,M0147,-69.28,Card,Gas,
T0000769,9/16/23,CHK,Expense,GROC,M0041,-58.88,Debit,Groceries,
T0001057,9/16/23,CC2,Expense,DINE,M0042,-43.74,Card,Dining,
T0000770,9/18/23,CC1,Expense,GAS,M0015,-54.36,Card,Gas,
T0000185,9/20/23,CHK,Income,SIDE,M_SIDE,485.37,ACH,Side Income,
T0000153,9/23/23,CHK,Transfer,RET401,M_401K,-276.92,Payroll,401k Contribution,
T0000771,9/23/23,CHK,Expense,GROC,M0065,-61.6,Debit,Groceries,
T0001058,9/23/23,CC2,Expense,DINE,M0086,-90.67,Card,Dining,
T0000152,9/23/23,CHK,Income,PAY,M_PAYROLL,4615.38,Direct Deposit,Paycheck,
T0000154,9/23/23,INV401,Transfer,RET401,M_401K,276.92,Payroll,401k Contribution,
T0000772,9/25/23,CC1,Expense,GAS,M0033,-56.34,Card,Gas,
T0001324,9/26/23,CC2,Transfer,CC_PAY,M_CC_PAY,158.62,ACH,CC Payment,
T0001228,9/26/23,CC1,Transfer,CC_PAY,M_CC_PAY,191.83,ACH,CC Payment,
T0001227,9/26/23,CHK,Transfer,CC_PAY,M_CC_PAY,-191.83,ACH,CC Payment CC1,
T0001323,9/26/23,CHK,Transfer,CC_PAY,M_CC_PAY,-158.62,ACH,CC Payment CC2,
T0000773,9/30/23,CHK,Expense,GROC,M0047,-75.75,Debit,Groceries,
T0001059,9/30/23,CC2,Expense,DINE,M0129,-30.84,Card,Dining,
T0000446,10/2/23,CHK,Expense,UTIL,M0111,-148.11,ACH,UTIL,
T0000774,10/2/23,CC1,Expense,GAS,M0141,-46.48,Card,Gas,
T0000590,10/3/23,CC1,Expense,SUBS,M0094,-28,ACH,SUBS,
T0000542,10/3/23,CHK,Expense,INS,M0108,-202.48,ACH,INS,
T0000494,10/5/23,CHK,Expense,PHON,M0042,-79.35,ACH,PHON,
T0000398,10/5/23,CHK,Expense,RENT,M0096,-1232.32,ACH,RENT,
T0001060,10/7/23,CC2,Expense,DINE,M0005,-50.54,Card,Dining,
T0000157,10/7/23,INV401,Transfer,RET401,M_401K,276.92,Payroll,401k Contribution,
T0000775,10/7/23,CHK,Expense,GROC,M0048,-102.83,Debit,Groceries,
T0000156,10/7/23,CHK,Transfer,RET401,M_401K,-276.92,Payroll,401k Contribution,
T0000155,10/7/23,CHK,Income,PAY,M_PAYROLL,4615.38,Direct Deposit,Paycheck,
T0000186,10/9/23,CHK,Income,SIDE,M_SIDE,678.73,ACH,Side Income,
T0000776,10/14/23,CHK,Expense,GROC,M0054,-97.13,Debit,Groceries,
T0000777,10/16/23,CC1,Expense,GAS,M0017,-66.78,Card,Gas,
T0000159,10/21/23,CHK,Transfer,RET401,M_401K,-276.92,Payroll,401k Contribution,
T0000778,10/21/23,CHK,Expense,GROC,M0103,-131.77,Debit,Groceries,
T0001061,10/21/23,CC2,Expense,DINE,M0119,-65.49,Card,Dining,
T0000158,10/21/23,CHK,Income,PAY,M_PAYROLL,4615.38,Direct Deposit,Paycheck,
T0000160,10/21/23,INV401,Transfer,RET401,M_401K,276.92,Payroll,401k Contribution,
T0000779,10/23/23,CC1,Expense,GAS,M0047,-71.17,Card,Gas,
T0001325,10/26/23,CHK,Transfer,CC_PAY,M_CC_PAY,-196.58,ACH,CC Payment CC2,
T0001326,10/26/23,CC2,Transfer,CC_PAY,M_CC_PAY,196.58,ACH,CC Payment,
T0001229,10/26/23,CHK,Transfer,CC_PAY,M_CC_PAY,-206.84,ACH,CC Payment CC1,
T0001230,10/26/23,CC1,Transfer,CC_PAY,M_CC_PAY,206.84,ACH,CC Payment,
T0001062,10/28/23,CC2,Expense,DINE,M0068,-75.18,Card,Dining,
T0000780,10/28/23,CHK,Expense,GROC,M0131,-67.05,Debit,Groceries,
T0001063,10/29/23,CC2,Expense,ENT,M0113,-38.34,Card,Entertainment,
T0000543,11/3/23,CHK,Expense,INS,M0126,-178.9,ACH,INS,
T0000447,11/4/23,CHK,Expense,UTIL,M0092,-106.57,ACH,UTIL,
T0000781,11/4/23,CHK,Expense,GROC,M0106,-117.51,Debit,Groceries,
T0000163,11/4/23,INV401,Transfer,RET401,M_401K,276.92,Payroll,401k Contribution,
T0000162,11/4/23,CHK,Transfer,RET401,M_401K,-276.92,Payroll,401k Contribution,
T0000161,11/4/23,CHK,Income,PAY,M_PAYROLL,4615.38,Direct Deposit,Paycheck,
T0000495,11/5/23,CHK,Expense,PHON,M0093,-104.09,ACH,PHON,
T0000591,11/5/23,CC1,Expense,SUBS,M0123,-20,ACH,SUBS,
T0001064,11/5/23,CC2,Expense,ENT,M0026,-26.41,Card,Entertainment,
T0000399,11/5/23,CHK,Expense,RENT,M0008,-1134.85,ACH,RENT,
T0000782,11/6/23,CC1,Expense,GAS,M0006,-35.62,Card,Gas,
T0000783,11/11/23,CHK,Expense,GROC,M0004,-91.61,Debit,Groceries,
T0001065,11/11/23,CC2,Expense,DINE,M0102,-28.58,Card,Dining,
T0000187,11/15/23,CHK,Income,SIDE,M_SIDE,433.12,ACH,Side Income,
T0000165,11/18/23,CHK,Transfer,RET401,M_401K,-276.92,Payroll,401k Contribution,
T0000164,11/18/23,CHK,Income,PAY,M_PAYROLL,4615.38,Direct Deposit,Paycheck,
T0000166,11/18/23,INV401,Transfer,RET401,M_401K,276.92,Payroll,401k Contribution,
T0000784,11/18/23,CHK,Expense,GROC,M0086,-93.41,Debit,Groceries,
T0000785,11/20/23,CC1,Expense,GAS,M0008,-64.1,Card,Gas,
T0000786,11/25/23,CHK,Expense,GROC,M0118,-91.33,Debit,Groceries,
T0001328,11/26/23,CC2,Transfer,CC_PAY,M_CC_PAY,49.93,ACH,CC Payment,
T0001232,11/26/23,CC1,Transfer,CC_PAY,M_CC_PAY,187.66,ACH,CC Payment,
T0001231,11/26/23,CHK,Transfer,CC_PAY,M_CC_PAY,-187.66,ACH,CC Payment CC1,
T0001327,11/26/23,CHK,Transfer,CC_PAY,M_CC_PAY,-49.93,ACH,CC Payment CC2,
T0000787,11/27/23,CC1,Expense,GAS,M0020,-75.55,Card,Gas,
T0000192,12/1/23,SAV,Income,INT,M_BANKINT,45.78,ACH,Interest,
T0000496,12/2/23,CHK,Expense,PHON,M0066,-98.75,ACH,PHON,
T0001066,12/2/23,CC2,Expense,DINE,M0086,-15,Card,Dining,
T0000167,12/2/23,CHK,Income,PAY,M_PAYROLL,4615.38,Direct Deposit,Paycheck,
T0000168,12/2/23,CHK,Transfer,RET401,M_401K,-276.92,Payroll,401k Contribution,
T0000169,12/2/23,INV401,Transfer,RET401,M_401K,276.92,Payroll,401k Contribution,
T0000544,12/2/23,CHK,Expense,INS,M0055,-177.68,ACH,INS,
T0000448,12/2/23,CHK,Expense,UTIL,M0047,-152.08,ACH,UTIL,
T0000788,12/2/23,CHK,Expense,GROC,M0054,-20,Debit,Groceries,
T0001067,12/3/23,CC2,Expense,ENT,M0100,-13.06,Card,Entertainment,
T0000592,12/3/23,CC1,Expense,SUBS,M0114,-25.67,ACH,SUBS,
T0000789,12/4/23,CC1,Expense,GAS,M0143,-34.32,Card,Gas,
T0000400,12/5/23,CHK,Expense,RENT,M0037,-1134.91,ACH,RENT,
T0000790,12/9/23,CHK,Expense,GROC,M0140,-98.97,Debit,Groceries,
T0001068,12/9/23,CC2,Expense,DINE,M0049,-79.54,Card,Dining,
T0000188,12/9/23,CHK,Income,SIDE,M_SIDE,748.29,ACH,Side Income,
T0001069,12/10/23,CC2,Expense,ENT,M0090,-13.2,Card,Entertainment,
T0000172,12/16/23,INV401,Transfer,RET401,M_401K,276.92,Payroll,401k Contribution,
T0000791,12/16/23,CHK,Expense,GROC,M0067,-52.78,Debit,Groceries,
T0000170,12/16/23,CHK,Income,PAY,M_PAYROLL,4615.38,Direct Deposit,Paycheck,
T0000171,12/16/23,CHK,Transfer,RET401,M_401K,-276.92,Payroll,401k Contribution,
T0001070,12/17/23,CC2,Expense,ENT,M0116,-66.69,Card,Entertainment,
T0000792,12/18/23,CC1,Expense,GAS,M0032,-36.77,Card,Gas,
T0000793,12/23/23,CHK,Expense,GROC,M0116,-52.18,Debit,Groceries,
T0001330,12/26/23,CC2,Transfer,CC_PAY,M_CC_PAY,166.48,ACH,CC Payment,
T0001233,12/26/23,CHK,Transfer,CC_PAY,M_CC_PAY,-82.3,ACH,CC Payment CC1,
T0001329,12/26/23,CHK,Transfer,CC_PAY,M_CC_PAY,-166.48,ACH,CC Payment CC2,
T0001234,12/26/23,CC1,Transfer,CC_PAY,M_CC_PAY,82.3,ACH,CC Payment,
T0000173,12/30/23,CHK,Income,PAY,M_PAYROLL,4615.38,Direct Deposit,Paycheck,
T0000174,12/30/23,CHK,Transfer,RET401,M_401K,-276.92,Payroll,401k Contribution,
T0000175,12/30/23,INV401,Transfer,RET401,M_401K,276.92,Payroll,401k Contribution,
T0000794,12/30/23,CHK,Expense,GROC,M0133,-74.33,Debit,Groceries,
T0000795,1/1/24,CC1,Expense,GAS,M0098,-51.9,Card,Gas,
T0000497,1/2/24,CHK,Expense,PHON,M0114,-92.26,ACH,PHON,
T0000545,1/3/24,CHK,Expense,INS,M0014,-129.91,ACH,INS,
T0000593,1/4/24,CC1,Expense,SUBS,M0004,-20,ACH,SUBS,
T0000401,1/5/24,CHK,Expense,RENT,M0104,-1361.21,ACH,RENT,
T0000449,1/5/24,CHK,Expense,UTIL,M0049,-188.34,ACH,UTIL,
T0000796,1/6/24,CHK,Expense,GROC,M0130,-100.58,Debit,Groceries,
T0001071,1/6/24,CC2,Expense,DINE,M0091,-40.02,Card,Dining,
T0000797,1/8/24,CC1,Expense,GAS,M0149,-75.96,Card,Gas,
T0000798,1/13/24,CHK,Expense,GROC,M0066,-75.45,Debit,Groceries,
T0000193,1/13/24,CHK,Income,PAY,M_PAYROLL,4807.69,Direct Deposit,Paycheck,
T0000194,1/13/24,CHK,Transfer,RET401,M_401K,-288.46,Payroll,401k Contribution,
T0000195,1/13/24,INV401,Transfer,RET401,M_401K,288.46,Payroll,401k Contribution,
T0001072,1/13/24,CC2,Expense,DINE,M0007,-25.13,Card,Dining,
T0001073,1/14/24,CC2,Expense,ENT,M0028,-35.15,Card,Entertainment,
T0000799,1/15/24,CC1,Expense,GAS,M0130,-66.47,Card,Gas,
T0000800,1/20/24,CHK,Expense,GROC,M0059,-101.46,Debit,Groceries,
T0001074,1/20/24,CC2,Expense,DINE,M0136,-27.74,Card,Dining,
T0000801,1/22/24,CC1,Expense,GAS,M0055,-50.12,Card,Gas,
T0001235,1/26/24,CHK,Transfer,CC_PAY,M_CC_PAY,-244.23,ACH,CC Payment CC1,
T0001236,1/26/24,CC1,Transfer,CC_PAY,M_CC_PAY,244.23,ACH,CC Payment,
T0001332,1/26/24,CC2,Transfer,CC_PAY,M_CC_PAY,160.19,ACH,CC Payment,
T0001331,1/26/24,CHK,Transfer,CC_PAY,M_CC_PAY,-160.19,ACH,CC Payment CC2,
T0000196,1/27/24,CHK,Income,PAY,M_PAYROLL,4807.69,Direct Deposit,Paycheck,
T0000198,1/27/24,INV401,Transfer,RET401,M_401K,288.46,Payroll,401k Contribution,
T0000197,1/27/24,CHK,Transfer,RET401,M_401K,-288.46,Payroll,401k Contribution,
T0000802,1/27/24,CHK,Expense,GROC,M0096,-70.98,Debit,Groceries,
T0001075,1/27/24,CC2,Expense,DINE,M0006,-36.48,Card,Dining,
T0001076,1/28/24,CC2,Expense,ENT,M0010,-35.49,Card,Entertainment,
T0000803,1/29/24,CC1,Expense,GAS,M0125,-36.99,Card,Gas,
T0000450,2/2/24,CHK,Expense,UTIL,M0142,-148.43,ACH,UTIL,
T0000498,2/3/24,CHK,Expense,PHON,M0143,-80.78,ACH,PHON,
T0000804,2/3/24,CHK,Expense,GROC,M0110,-100.7,Debit,Groceries,
T0000546,2/3/24,CHK,Expense,INS,M0149,-185.32,ACH,INS,
T0000402,2/4/24,CHK,Expense,RENT,M0132,-1358.48,ACH,RENT,
T0000805,2/5/24,CC1,Expense,GAS,M0017,-64.25,Card,Gas,
T0000594,2/5/24,CC1,Expense,SUBS,M0133,-20,ACH,SUBS,
T0000200,2/10/24,CHK,Transfer,RET401,M_401K,-288.46,Payroll,401k Contribution,
T0001077,2/10/24,CC2,Expense,DINE,M0042,-27.68,Card,Dining,
T0000806,2/10/24,CHK,Expense,GROC,M0088,-54.36,Debit,Groceries,
T0000199,2/10/24,CHK,Income,PAY,M_PAYROLL,4807.69,Direct Deposit,Paycheck,
T0000201,2/10/24,INV401,Transfer,RET401,M_401K,288.46,Payroll,401k Contribution,
T0000807,2/12/24,CC1,Expense,GAS,M0044,-62.83,Card,Gas,
T0000271,2/15/24,CHK,Income,BONUS,M_PAYROLL,10756.08,Direct Deposit,Annual Bonus,
T0001078,2/17/24,CC2,Expense,DINE,M0021,-56.7,Card,Dining,
T0000808,2/17/24,CHK,Expense,GROC,M0069,-64.48,Debit,Groceries,
T0000809,2/19/24,CC1,Expense,GAS,M0005,-62.42,Card,Gas,
T0000810,2/24/24,CHK,Expense,GROC,M0121,-119.42,Debit,Groceries,
T0000202,2/24/24,CHK,Income,PAY,M_PAYROLL,4807.69,Direct Deposit,Paycheck,
T0000203,2/24/24,CHK,Transfer,RET401,M_401K,-288.46,Payroll,401k Contribution,
T0000204,2/24/24,INV401,Transfer,RET401,M_401K,288.46,Payroll,401k Contribution,
T0001333,2/26/24,CHK,Transfer,CC_PAY,M_CC_PAY,-61.41,ACH,CC Payment CC2,
T0001237,2/26/24,CHK,Transfer,CC_PAY,M_CC_PAY,-174.63,ACH,CC Payment CC1,
T0001238,2/26/24,CC1,Transfer,CC_PAY,M_CC_PAY,174.63,ACH,CC Payment,
T0001334,2/26/24,CC2,Transfer,CC_PAY,M_CC_PAY,61.41,ACH,CC Payment,
T0000282,3/1/24,SAV,Income,INT,M_BANKINT,48.51,ACH,Interest,
T0000811,3/2/24,CHK,Expense,GROC,M0120,-58.44,Debit,Groceries,
T0000595,3/2/24,CC1,Expense,SUBS,M0075,-20.26,ACH,SUBS,
T0000499,3/3/24,CHK,Expense,PHON,M0067,-91.44,ACH,PHON,
T0000403,3/4/24,CHK,Expense,RENT,M0080,-1202.59,ACH,RENT,
T0000547,3/5/24,CHK,Expense,INS,M0027,-163.07,ACH,INS,
T0000451,3/5/24,CHK,Expense,UTIL,M0008,-81.12,ACH,UTIL,
T0000206,3/9/24,CHK,Transfer,RET401,M_401K,-288.46,Payroll,401k Contribution,
T0000812,3/9/24,CHK,Expense,GROC,M0121,-85.9,Debit,Groceries,
T0001079,3/9/24,CC2,Expense,DINE,M0149,-18,Card,Dining,
T0000205,3/9/24,CHK,Income,PAY,M_PAYROLL,4807.69,Direct Deposit,Paycheck,
T0000207,3/9/24,INV401,Transfer,RET401,M_401K,288.46,Payroll,401k Contribution,
T0001080,3/10/24,CC2,Expense,ENT,M0149,-31.61,Card,Entertainment,
T0000813,3/11/24,CC1,Expense,GAS,M0063,-55.99,Card,Gas,
T0001081,3/16/24,CC2,Expense,DINE,M0050,-35.57,Card,Dining,
T0000814,3/16/24,CHK,Expense,GROC,M0026,-67.84,Debit,Groceries,
T0001082,3/17/24,CC2,Expense,ENT,M0091,-25.99,Card,Entertainment,
T0000815,3/18/24,CC1,Expense,GAS,M0004,-50.49,Card,Gas,
T0000272,3/19/24,CHK,Income,SIDE,M_SIDE,688.56,ACH,Side Income,
T0000816,3/23/24,CHK,Expense,GROC,M0030,-20,Debit,Groceries,
T0000210,3/23/24,INV401,Transfer,RET401,M_401K,288.46,Payroll,401k Contribution,
T0000209,3/23/24,CHK,Transfer,RET401,M_401K,-288.46,Payroll,401k Contribution,
T0000208,3/23/24,CHK,Income,PAY,M_PAYROLL,4807.69,Direct Deposit,Paycheck,
T0000817,3/25/24,CC1,Expense,GAS,M0020,-40.48,Card,Gas,
T0001336,3/26/24,CC2,Transfer,CC_PAY,M_CC_PAY,116.92,ACH,CC Payment,
T0001240,3/26/24,CC1,Transfer,CC_PAY,M_CC_PAY,125.9,ACH,CC Payment,
T0001239,3/26/24,CHK,Transfer,CC_PAY,M_CC_PAY,-125.9,ACH,CC Payment CC1,
T0001335,3/26/24,CHK,Transfer,CC_PAY,M_CC_PAY,-116.92,ACH,CC Payment CC2,
T0001083,3/30/24,CC2,Expense,DINE,M0051,-42.62,Card,Dining,
T0000818,3/30/24,CHK,Expense,GROC,M0085,-57.11,Debit,Groceries,
T0000819,4/1/24,CC1,Expense,GAS,M0107,-60.45,Card,Gas,
T0000452,4/2/24,CHK,Expense,UTIL,M0020,-106.74,ACH,UTIL,
T0000548,4/2/24,CHK,Expense,INS,M0107,-105.58,ACH,INS,
T0000404,4/3/24,CHK,Expense,RENT,M0145,-1236.79,ACH,RENT,
T0000596,4/3/24,CC1,Expense,SUBS,M0120,-20,ACH,SUBS,
T0000500,4/4/24,CHK,Expense,PHON,M0106,-98.51,ACH,PHON,
T0000211,4/6/24,CHK,Income,PAY,M_PAYROLL,4807.69,Direct Deposit,Paycheck,
T0000212,4/6/24,CHK,Transfer,RET401,M_401K,-288.46,Payroll,401k Contribution,
T0001084,4/6/24,CC2,Expense,DINE,M0052,-15,Card,Dining,
T0000213,4/6/24,INV401,Transfer,RET401,M_401K,288.46,Payroll,401k Contribution,
T0000820,4/6/24,CHK,Expense,GROC,M0098,-39.2,Debit,Groceries,
T0001085,4/7/24,CC2,Expense,ENT,M0065,-61.83,Card,Entertainment,
T0000821,4/8/24,CC1,Expense,GAS,M0021,-33.68,Card,Gas,
T0000273,4/11/24,CHK,Income,SIDE,M_SIDE,392.22,ACH,Side Income,
T0001086,4/13/24,CC2,Expense,DINE,M0082,-26.87,Card,Dining,
T0000822,4/13/24,CHK,Expense,GROC,M0080,-23.96,Debit,Groceries,
T0001087,4/14/24,CC2,Expense,ENT,M0093,-27.11,Card,Entertainment,
T0000823,4/15/24,CC1,Expense,GAS,M0020,-86.82,Card,Gas,
T0001088,4/20/24,CC2,Expense,DINE,M0036,-45.68,Card,Dining,
T0000216,4/20/24,INV401,Transfer,RET401,M_401K,288.46,Payroll,401k Contribution,
T0000824,4/20/24,CHK,Expense,GROC,M0012,-48.59,Debit,Groceries,
T0000215,4/20/24,CHK,Transfer,RET401,M_401K,-288.46,Payroll,401k Contribution,
T0000214,4/20/24,CHK,Income,PAY,M_PAYROLL,4807.69,Direct Deposit,Paycheck,
T0001089,4/21/24,CC2,Expense,ENT,M0119,-10,Card,Entertainment,
T0001338,4/26/24,CC2,Transfer,CC_PAY,M_CC_PAY,174.33,ACH,CC Payment,
T0001337,4/26/24,CHK,Transfer,CC_PAY,M_CC_PAY,-174.33,ACH,CC Payment CC2,
T0001242,4/26/24,CC1,Transfer,CC_PAY,M_CC_PAY,211.83,ACH,CC Payment,
T0001241,4/26/24,CHK,Transfer,CC_PAY,M_CC_PAY,-211.83,ACH,CC Payment CC1,
T0000825,4/27/24,CHK,Expense,GROC,M0035,-40.71,Debit,Groceries,
T0000826,4/29/24,CC1,Expense,GAS,M0044,-48.61,Card,Gas,
T0001182,5/1/24,CC1,Expense,TRAV,M0029,-562.01,Card,Travel,
T0000405,5/2/24,CHK,Expense,RENT,M0094,-1211.12,ACH,RENT,
T0000597,5/3/24,CC1,Expense,SUBS,M0074,-20,ACH,SUBS,
T0001090,5/4/24,CC2,Expense,DINE,M0056,-18.06,Card,Dining,
T0000827,5/4/24,CHK,Expense,GROC,M0040,-73.5,Debit,Groceries,
T0000217,5/4/24,CHK,Income,PAY,M_PAYROLL,4807.69,Direct Deposit,Paycheck,
T0000218,5/4/24,CHK,Transfer,RET401,M_401K,-288.46,Payroll,401k Contribution,
T0000219,5/4/24,INV401,Transfer,RET401,M_401K,288.46,Payroll,401k Contribution,
T0000501,5/4/24,CHK,Expense,PHON,M0058,-94.93,ACH,PHON,
T0000549,5/5/24,CHK,Expense,INS,M0057,-152.22,ACH,INS,
T0000453,5/5/24,CHK,Expense,UTIL,M0088,-77.75,ACH,UTIL,
T0000828,5/6/24,CC1,Expense,GAS,M0076,-90.12,Card,Gas,
T0000829,5/11/24,CHK,Expense,GROC,M0055,-79.87,Debit,Groceries,
T0001091,5/11/24,CC2,Expense,DINE,M0071,-17.2,Card,Dining,
T0001183,5/12/24,CC1,Expense,TRAV,M0017,-1066.35,Card,Travel,
T0000830,5/13/24,CC1,Expense,GAS,M0007,-35.53,Card,Gas,
T0000274,5/17/24,CHK,Income,SIDE,M_SIDE,678.85,ACH,Side Income,
T0001092,5/18/24,CC2,Expense,DINE,M0121,-21.3,Card,Dining,
T0000831,5/18/24,CHK,Expense,GROC,M0150,-89.58,Debit,Groceries,
T0000222,5/18/24,INV401,Transfer,RET401,M_401K,288.46,Payroll,401k Contribution,
T0000221,5/18/24,CHK,Transfer,RET401,M_401K,-288.46,Payroll,401k Contribution,
T0000220,5/18/24,CHK,Income,PAY,M_PAYROLL,4807.69,Direct Deposit,Paycheck,
T0001093,5/19/24,CC2,Expense,ENT,M0037,-68.55,Card,Entertainment,
T0000832,5/25/24,CHK,Expense,GROC,M0142,-95.8,Debit,Groceries,
T0001244,5/26/24,CC1,Transfer,CC_PAY,M_CC_PAY,1433.78,ACH,CC Payment,
T0001340,5/26/24,CC2,Transfer,CC_PAY,M_CC_PAY,111.39,ACH,CC Payment,
T0001339,5/26/24,CHK,Transfer,CC_PAY,M_CC_PAY,-111.39,ACH,CC Payment CC2,
T0001243,5/26/24,CHK,Transfer,CC_PAY,M_CC_PAY,-1433.78,ACH,CC Payment CC1,
T0000833,5/27/24,CC1,Expense,GAS,M0020,-89.82,Card,Gas,
T0000283,6/1/24,SAV,Income,INT,M_BANKINT,53.01,ACH,Interest,
T0000834,6/1/24,CHK,Expense,GROC,M0108,-25.43,Debit,Groceries,
T0000225,6/1/24,INV401,Transfer,RET401,M_401K,288.46,Payroll,401k Contribution,
T0001094,6/1/24,CC2,Expense,DINE,M0116,-17.12,Card,Dining,
T0000223,6/1/24,CHK,Income,PAY,M_PAYROLL,4807.69,Direct Deposit,Paycheck,
T0000224,6/1/24,CHK,Transfer,RET401,M_401K,-288.46,Payroll,401k Contribution,
T0000550,6/2/24,CHK,Expense,INS,M0048,-134.75,ACH,INS,
T0000502,6/2/24,CHK,Expense,PHON,M0026,-96.01,ACH,PHON,
T0001095,6/2/24,CC2,Expense,ENT,M0009,-40.54,Card,Entertainment,
T0000406,6/3/24,CHK,Expense,RENT,M0059,-1120.03,ACH,RENT,
T0000835,6/3/24,CC1,Expense,GAS,M0064,-72.63,Card,Gas,
T0000454,6/5/24,CHK,Expense,UTIL,M0100,-153.38,ACH,UTIL,
T0000598,6/5/24,CC1,Expense,SUBS,M0024,-20,ACH,SUBS,
T0000836,6/8/24,CHK,Expense,GROC,M0015,-66.23,Debit,Groceries,
T0000275,6/9/24,CHK,Income,SIDE,M_SIDE,489.09,ACH,Side Income,
T0001096,6/9/24,CC2,Expense,ENT,M0071,-30.72,Card,Entertainment,
T0000837,6/10/24,CC1,Expense,GAS,M0134,-49.68,Card,Gas,
T0000226,6/15/24,CHK,Income,PAY,M_PAYROLL,4807.69,Direct Deposit,Paycheck,
T0000227,6/15/24,CHK,Transfer,RET401,M_401K,-288.46,Payroll,401k Contribution,
T0000228,6/15/24,INV401,Transfer,RET401,M_401K,288.46,Payroll,401k Contribution,
T0001097,6/15/24,CC2,Expense,DINE,M0084,-27.29,Card,Dining,
T0000838,6/15/24,CHK,Expense,GROC,M0017,-40.5,Debit,Groceries,
T0000839,6/17/24,CC1,Expense,GAS,M0087,-103.81,Card,Gas,
T0000840,6/22/24,CHK,Expense,GROC,M0030,-103.63,Debit,Groceries,
T0001098,6/23/24,CC2,Expense,ENT,M0015,-24.53,Card,Entertainment,
T0000841,6/24/24,CC1,Expense,GAS,M0122,-37.53,Card,Gas,
T0001342,6/26/24,CC2,Transfer,CC_PAY,M_CC_PAY,159.63,ACH,CC Payment,
T0001341,6/26/24,CHK,Transfer,CC_PAY,M_CC_PAY,-159.63,ACH,CC Payment CC2,
T0001245,6/26/24,CHK,Transfer,CC_PAY,M_CC_PAY,-212.34,ACH,CC Payment CC1,
T0001246,6/26/24,CC1,Transfer,CC_PAY,M_CC_PAY,212.34,ACH,CC Payment,
T0000229,6/29/24,CHK,Income,PAY,M_PAYROLL,4807.69,Direct Deposit,Paycheck,
T0000842,6/29/24,CHK,Expense,GROC,M0031,-64.88,Debit,Groceries,
T0001099,6/29/24,CC2,Expense,DINE,M0103,-29.77,Card,Dining,
T0000230,6/29/24,CHK,Transfer,RET401,M_401K,-288.46,Payroll,401k Contribution,
T0000231,6/29/24,INV401,Transfer,RET401,M_401K,288.46,Payroll,401k Contribution,
T0000843,7/1/24,CC1,Expense,GAS,M0038,-38.57,Card,Gas,
T0000455,7/2/24,CHK,Expense,UTIL,M0095,-194.23,ACH,UTIL,
T0000503,7/3/24,CHK,Expense,PHON,M0098,-74.86,ACH,PHON,
T0000599,7/3/24,CC1,Expense,SUBS,M0136,-20,ACH,SUBS,
T0000551,7/5/24,CHK,Expense,INS,M0092,-86.07,ACH,INS,
T0000407,7/5/24,CHK,Expense,RENT,M0051,-1105.61,ACH,RENT,
T0000844,7/6/24,CHK,Expense,GROC,M0098,-57.74,Debit,Groceries,
T0000232,7/13/24,CHK,Income,PAY,M_PAYROLL,4807.69,Direct Deposit,Paycheck,
T0000234,7/13/24,INV401,Transfer,RET401,M_401K,288.46,Payroll,401k Contribution,
T0000276,7/13/24,CHK,Income,SIDE,M_SIDE,316.67,ACH,Side Income,
T0000233,7/13/24,CHK,Transfer,RET401,M_401K,-288.46,Payroll,401k Contribution,
T0000845,7/13/24,CHK,Expense,GROC,M0112,-96.62,Debit,Groceries,
T0001100,7/14/24,CC2,Expense,ENT,M0106,-76.16,Card,Entertainment,
T0000846,7/15/24,CC1,Expense,GAS,M0145,-32.64,Card,Gas,
T0000847,7/20/24,CHK,Expense,GROC,M0010,-36.26,Debit,Groceries,
T0001101,7/20/24,CC2,Expense,DINE,M0091,-76.19,Card,Dining,
T0001102,7/21/24,CC2,Expense,ENT,M0086,-47.11,Card,Entertainment,
T0000848,7/22/24,CC1,Expense,GAS,M0133,-15,Card,Gas,
T0001248,7/26/24,CC1,Transfer,CC_PAY,M_CC_PAY,139.1,ACH,CC Payment,
T0001343,7/26/24,CHK,Transfer,CC_PAY,M_CC_PAY,-166.27,ACH,CC Payment CC2,
T0001344,7/26/24,CC2,Transfer,CC_PAY,M_CC_PAY,166.27,ACH,CC Payment,
T0001247,7/26/24,CHK,Transfer,CC_PAY,M_CC_PAY,-139.1,ACH,CC Payment CC1,
T0000235,7/27/24,CHK,Income,PAY,M_PAYROLL,4807.69,Direct Deposit,Paycheck,
T0000237,7/27/24,INV401,Transfer,RET401,M_401K,288.46,Payroll,401k Contribution,
T0000236,7/27/24,CHK,Transfer,RET401,M_401K,-288.46,Payroll,401k Contribution,
T0000849,7/27/24,CHK,Expense,GROC,M0012,-93.75,Debit,Groceries,
T0001103,7/28/24,CC2,Expense,ENT,M0104,-33.62,Card,Entertainment,
T0000850,7/29/24,CC1,Expense,GAS,M0117,-64.63,Card,Gas,
T0000552,8/2/24,CHK,Expense,INS,M0134,-196.41,ACH,INS,
T0000600,8/2/24,CC1,Expense,SUBS,M0149,-21.1,ACH,SUBS,
T0000504,8/2/24,CHK,Expense,PHON,M0131,-90.58,ACH,PHON,
T0000851,8/3/24,CHK,Expense,GROC,M0027,-121.71,Debit,Groceries,
T0001104,8/3/24,CC2,Expense,DINE,M0020,-15,Card,Dining,
T0000456,8/3/24,CHK,Expense,UTIL,M0042,-106.48,ACH,UTIL,
T0001105,8/4/24,CC2,Expense,ENT,M0048,-27.26,Card,Entertainment,
T0000408,8/5/24,CHK,Expense,RENT,M0142,-1230.88,ACH,RENT,
T0000852,8/5/24,CC1,Expense,GAS,M0003,-31.98,Card,Gas,
T0001106,8/10/24,CC2,Expense,DINE,M0055,-33.62,Card,Dining,
T0000239,8/10/24,CHK,Transfer,RET401,M_401K,-288.46,Payroll,401k Contribution,
T0000240,8/10/24,INV401,Transfer,RET401,M_401K,288.46,Payroll,401k Contribution,
T0000853,8/10/24,CHK,Expense,GROC,M0010,-96.73,Debit,Groceries,
T0000238,8/10/24,CHK,Income,PAY,M_PAYROLL,4807.69,Direct Deposit,Paycheck,
T0001107,8/11/24,CC2,Expense,ENT,M0139,-43.14,Card,Entertainment,
T0000277,8/13/24,CHK,Income,SIDE,M_SIDE,493.76,ACH,Side Income,
T0000854,8/17/24,CHK,Expense,GROC,M0118,-56.34,Debit,Groceries,
T0001108,8/17/24,CC2,Expense,DINE,M0078,-16.72,Card,Dining,
T0001109,8/18/24,CC2,Expense,ENT,M0084,-37.91,Card,Entertainment,
T0000855,8/19/24,CC1,Expense,GAS,M0134,-52.81,Card,Gas,
T0001110,8/24/24,CC2,Expense,DINE,M0033,-25.65,Card,Dining,
T0000243,8/24/24,INV401,Transfer,RET401,M_401K,288.46,Payroll,401k Contribution,
T0000242,8/24/24,CHK,Transfer,RET401,M_401K,-288.46,Payroll,401k Contribution,
T0000241,8/24/24,CHK,Income,PAY,M_PAYROLL,4807.69,Direct Deposit,Paycheck,
T0000856,8/24/24,CHK,Expense,GROC,M0032,-34.96,Debit,Groceries,
T0001250,8/26/24,CC1,Transfer,CC_PAY,M_CC_PAY,76.15,ACH,CC Payment,
T0001345,8/26/24,CHK,Transfer,CC_PAY,M_CC_PAY,-260.82,ACH,CC Payment CC2,
T0001346,8/26/24,CC2,Transfer,CC_PAY,M_CC_PAY,260.82,ACH,CC Payment,
T0001249,8/26/24,CHK,Transfer,CC_PAY,M_CC_PAY,-76.15,ACH,CC Payment CC1,
T0001111,8/31/24,CC2,Expense,DINE,M0127,-69.52,Card,Dining,
T0000857,8/31/24,CHK,Expense,GROC,M0136,-20,Debit,Groceries,
T0000284,9/1/24,SAV,Income,INT,M_BANKINT,56.82,ACH,Interest,
T0000601,9/2/24,CC1,Expense,SUBS,M0069,-20,ACH,SUBS,
T0000553,9/3/24,CHK,Expense,INS,M0043,-178.33,ACH,INS,
T0000505,9/3/24,CHK,Expense,PHON,M0008,-63.87,ACH,PHON,
T0000457,9/4/24,CHK,Expense,UTIL,M0038,-120.27,ACH,UTIL,
T0000409,9/5/24,CHK,Expense,RENT,M0068,-1271.64,ACH,RENT,
T0000858,9/7/24,CHK,Expense,GROC,M0046,-68.26,Debit,Groceries,
T0000246,9/7/24,INV401,Transfer,RET401,M_401K,288.46,Payroll,401k Contribution,
T0001112,9/7/24,CC2,Expense,DINE,M0080,-61.1,Card,Dining,
T0000245,9/7/24,CHK,Transfer,RET401,M_401K,-288.46,Payroll,401k Contribution,
T0000244,9/7/24,CHK,Income,PAY,M_PAYROLL,4807.69,Direct Deposit,Paycheck,
T0000859,9/9/24,CC1,Expense,GAS,M0080,-58.32,Card,Gas,
T0001181,9/12/24,CC1,Expense,TRAV,M0093,-1042.13,Card,Travel,
T0001113,9/14/24,CC2,Expense,DINE,M0008,-15,Card,Dining,
T0000860,9/14/24,CHK,Expense,GROC,M0006,-81.79,Debit,Groceries,
T0000278,9/15/24,CHK,Income,SIDE,M_SIDE,660.82,ACH,Side Income,
T0001114,9/21/24,CC2,Expense,DINE,M0021,-29.76,Card,Dining,
T0000248,9/21/24,CHK,Transfer,RET401,M_401K,-288.46,Payroll,401k Contribution,
T0000247,9/21/24,CHK,Income,PAY,M_PAYROLL,4807.69,Direct Deposit,Paycheck,
T0000861,9/21/24,CHK,Expense,GROC,M0072,-103.42,Debit,Groceries,
T0000249,9/21/24,INV401,Transfer,RET401,M_401K,288.46,Payroll,401k Contribution,
T0001115,9/22/24,CC2,Expense,ENT,M0093,-24.7,Card,Entertainment,
T0000862,9/23/24,CC1,Expense,GAS,M0039,-55,Card,Gas,
T0001252,9/26/24,CC1,Transfer,CC_PAY,M_CC_PAY,1038.66,ACH,CC Payment,
T0001348,9/26/24,CC2,Transfer,CC_PAY,M_CC_PAY,118.58,ACH,CC Payment,
T0001251,9/26/24,CHK,Transfer,CC_PAY,M_CC_PAY,-1038.66,ACH,CC Payment CC1,
T0001347,9/26/24,CHK,Transfer,CC_PAY,M_CC_PAY,-118.58,ACH,CC Payment CC2,
T0000863,9/28/24,CHK,Expense,GROC,M0033,-57.14,Debit,Groceries,
T0001116,9/28/24,CC2,Expense,DINE,M0061,-15,Card,Dining,
T0000864,9/30/24,CC1,Expense,GAS,M0076,-59.42,Card,Gas,
T0000506,10/2/24,CHK,Expense,PHON,M0144,-97.26,ACH,PHON,
T0000602,10/2/24,CC1,Expense,SUBS,M0108,-20,ACH,SUBS,
T0000410,10/3/24,CHK,Expense,RENT,M0150,-1076.69,ACH,RENT,
T0000554,10/4/24,CHK,Expense,INS,M0128,-164.48,ACH,INS,
T0000250,10/5/24,CHK,Income,PAY,M_PAYROLL,4807.69,Direct Deposit,Paycheck,
T0000252,10/5/24,INV401,Transfer,RET401,M_401K,288.46,Payroll,401k Contribution,
T0000279,10/5/24,CHK,Income,SIDE,M_SIDE,759.73,ACH,Side Income,
T0000458,10/5/24,CHK,Expense,UTIL,M0022,-165.18,ACH,UTIL,
T0000865,10/5/24,CHK,Expense,GROC,M0047,-52.2,Debit,Groceries,
T0001117,10/5/24,CC2,Expense,DINE,M0145,-23.48,Card,Dining,
T0000251,10/5/24,CHK,Transfer,RET401,M_401K,-288.46,Payroll,401k Contribution,
T0000866,10/7/24,CC1,Expense,GAS,M0119,-70.85,Card,Gas,
T0001118,10/12/24,CC2,Expense,DINE,M0001,-15,Card,Dining,
T0000867,10/12/24,CHK,Expense,GROC,M0068,-83.73,Debit,Groceries,
T0001119,10/13/24,CC2,Expense,ENT,M0012,-34.76,Card,Entertainment,
T0000868,10/14/24,CC1,Expense,GAS,M0079,-95.8,Card,Gas,
T0000869,10/19/24,CHK,Expense,GROC,M0035,-132.73,Debit,Groceries,
T0000254,10/19/24,CHK,Transfer,RET401,M_401K,-288.46,Payroll,401k Contribution,
T0000255,10/19/24,INV401,Transfer,RET401,M_401K,288.46,Payroll,401k Contribution,
T0000253,10/19/24,CHK,Income,PAY,M_PAYROLL,4807.69,Direct Deposit,Paycheck,
T0000870,10/21/24,CC1,Expense,GAS,M0080,-61.04,Card,Gas,
T0001253,10/26/24,CHK,Transfer,CC_PAY,M_CC_PAY,-225.11,ACH,CC Payment CC1,
T0001254,10/26/24,CC1,Transfer,CC_PAY,M_CC_PAY,225.11,ACH,CC Payment,
T0001350,10/26/24,CC2,Transfer,CC_PAY,M_CC_PAY,71.62,ACH,CC Payment,
T0000871,10/26/24,CHK,Expense,GROC,M0081,-137.72,Debit,Groceries,
T0001349,10/26/24,CHK,Transfer,CC_PAY,M_CC_PAY,-71.62,ACH,CC Payment CC2,
T0000872,11/2/24,CHK,Expense,GROC,M0067,-45.35,Debit,Groceries,
T0000257,11/2/24,CHK,Transfer,RET401,M_401K,-288.46,Payroll,401k Contribution,
T0000256,11/2/24,CHK,Income,PAY,M_PAYROLL,4807.69,Direct Deposit,Paycheck,
T0001120,11/2/24,CC2,Expense,DINE,M0104,-51.25,Card,Dining,
T0000411,11/2/24,CHK,Expense,RENT,M0041,-1171.59,ACH,RENT,
T0000258,11/2/24,INV401,Transfer,RET401,M_401K,288.46,Payroll,401k Contribution,
T0001121,11/3/24,CC2,Expense,ENT,M0038,-59.77,Card,Entertainment,
T0000507,11/4/24,CHK,Expense,PHON,M0101,-92.63,ACH,PHON,
T0000555,11/4/24,CHK,Expense,INS,M0095,-191.49,ACH,INS,
T0000459,11/4/24,CHK,Expense,UTIL,M0129,-117.71,ACH,UTIL,
T0000603,11/5/24,CC1,Expense,SUBS,M0002,-20,ACH,SUBS,
T0000873,11/9/24,CHK,Expense,GROC,M0106,-69.8,Debit,Groceries,
T0001122,11/9/24,CC2,Expense,DINE,M0144,-20.41,Card,Dining,
T0000874,11/16/24,CHK,Expense,GROC,M0080,-69.69,Debit,Groceries,
T0001123,11/16/24,CC2,Expense,DINE,M0143,-48.56,Card,Dining,
T0000259,11/16/24,CHK,Income,PAY,M_PAYROLL,4807.69,Direct Deposit,Paycheck,
T0000260,11/16/24,CHK,Transfer,RET401,M_401K,-288.46,Payroll,401k Contribution,
T0000261,11/16/24,INV401,Transfer,RET401,M_401K,288.46,Payroll,401k Contribution,
T0000280,11/21/24,CHK,Income,SIDE,M_SIDE,368.91,ACH,Side Income,
T0000875,11/23/24,CHK,Expense,GROC,M0004,-93.62,Debit,Groceries,
T0001124,11/23/24,CC2,Expense,DINE,M0089,-70.74,Card,Dining,
T0001125,11/24/24,CC2,Expense,ENT,M0002,-33.01,Card,Entertainment,
T0000876,11/25/24,CC1,Expense,GAS,M0118,-46.18,Card,Gas,
T0001255,11/26/24,CHK,Transfer,CC_PAY,M_CC_PAY,-59.26,ACH,CC Payment CC1,
T0001256,11/26/24,CC1,Transfer,CC_PAY,M_CC_PAY,59.26,ACH,CC Payment,
T0001352,11/26/24,CC2,Transfer,CC_PAY,M_CC_PAY,287.98,ACH,CC Payment,
T0001351,11/26/24,CHK,Transfer,CC_PAY,M_CC_PAY,-287.98,ACH,CC Payment CC2,
T0001126,11/30/24,CC2,Expense,DINE,M0131,-44.12,Card,Dining,
T0000262,11/30/24,CHK,Income,PAY,M_PAYROLL,4807.69,Direct Deposit,Paycheck,
T0000264,11/30/24,INV401,Transfer,RET401,M_401K,288.46,Payroll,401k Contribution,
T0000263,11/30/24,CHK,Transfer,RET401,M_401K,-288.46,Payroll,401k Contribution,
T0000877,11/30/24,CHK,Expense,GROC,M0075,-44.95,Debit,Groceries,
T0000285,12/1/24,SAV,Income,INT,M_BANKINT,24.94,ACH,Interest,
T0000878,12/2/24,CC1,Expense,GAS,M0110,-37.12,Card,Gas,
T0000460,12/2/24,CHK,Expense,UTIL,M0045,-173.33,ACH,UTIL,
T0000412,12/3/24,CHK,Expense,RENT,M0114,-1289.21,ACH,RENT,
T0000508,12/3/24,CHK,Expense,PHON,M0079,-89.4,ACH,PHON,
T0000556,12/4/24,CHK,Expense,INS,M0104,-160.64,ACH,INS,
T0000604,12/5/24,CC1,Expense,SUBS,M0033,-23.66,ACH,SUBS,
T0000879,12/7/24,CHK,Expense,GROC,M0052,-70.48,Debit,Groceries,
T0000880,12/9/24,CC1,Expense,GAS,M0134,-62.32,Card,Gas,
T0000265,12/14/24,CHK,Income,PAY,M_PAYROLL,4807.69,Direct Deposit,Paycheck,
T0000881,12/14/24,CHK,Expense,GROC,M0040,-87.62,Debit,Groceries,
T0000267,12/14/24,INV401,Transfer,RET401,M_401K,288.46,Payroll,401k Contribution,
T0000266,12/14/24,CHK,Transfer,RET401,M_401K,-288.46,Payroll,401k Contribution,
T0001127,12/15/24,CC2,Expense,ENT,M0121,-47.99,Card,Entertainment,
T0000882,12/16/24,CC1,Expense,GAS,M0016,-56.18,Card,Gas,
T0000883,12/21/24,CHK,Expense,GROC,M0090,-71.82,Debit,Groceries,
T0001128,12/21/24,CC2,Expense,DINE,M0013,-46.94,Card,Dining,
T0000884,12/23/24,CC1,Expense,GAS,M0050,-70.18,Card,Gas,
T0000281,12/23/24,CHK,Income,SIDE,M_SIDE,373.99,ACH,Side Income,
T0001257,12/26/24,CHK,Transfer,CC_PAY,M_CC_PAY,-302.88,ACH,CC Payment CC1,
T0001258,12/26/24,CC1,Transfer,CC_PAY,M_CC_PAY,302.88,ACH,CC Payment,
T0001353,12/26/24,CHK,Transfer,CC_PAY,M_CC_PAY,-162.43,ACH,CC Payment CC2,
T0001354,12/26/24,CC2,Transfer,CC_PAY,M_CC_PAY,162.43,ACH,CC Payment,
T0000270,12/28/24,INV401,Transfer,RET401,M_401K,288.46,Payroll,401k Contribution,
T0000269,12/28/24,CHK,Transfer,RET401,M_401K,-288.46,Payroll,401k Contribution,
T0000268,12/28/24,CHK,Income,PAY,M_PAYROLL,4807.69,Direct Deposit,Paycheck,
T0000885,12/28/24,CHK,Expense,GROC,M0106,-47.89,Debit,Groceries,
T0001129,12/28/24,CC2,Expense,DINE,M0103,-56.21,Card,Dining,
T0001130,12/29/24,CC2,Expense,ENT,M0065,-36.81,Card,Entertainment,
T0000886,12/30/24,CC1,Expense,GAS,M0062,-55.68,Card,Gas,
T0000509,1/2/25,CHK,Expense,PHON,M0135,-80.35,ACH,PHON,
T0000557,1/2/25,CHK,Expense,INS,M0058,-184.01,ACH,INS,
T0000461,1/2/25,CHK,Expense,UTIL,M0009,-119.78,ACH,UTIL,
T0000605,1/3/25,CC1,Expense,SUBS,M0115,-20,ACH,SUBS,
T0001131,1/4/25,CC2,Expense,DINE,M0008,-56.78,Card,Dining,
T0000887,1/4/25,CHK,Expense,GROC,M0120,-56.28,Debit,Groceries,
T0000413,1/5/25,CHK,Expense,RENT,M0089,-1212.29,ACH,RENT,
T0000888,1/6/25,CC1,Expense,GAS,M0114,-41.46,Card,Gas,
T0000288,1/11/25,INV401,Transfer,RET401,M_401K,300,Payroll,401k Contribution,
T0000889,1/11/25,CHK,Expense,GROC,M0042,-79.01,Debit,Groceries,
T0000286,1/11/25,CHK,Income,PAY,M_PAYROLL,5000,Direct Deposit,Paycheck,
T0000287,1/11/25,CHK,Transfer,RET401,M_401K,-300,Payroll,401k Contribution,
T0001132,1/12/25,CC2,Expense,ENT,M0090,-48.85,Card,Entertainment,
T0000890,1/13/25,CC1,Expense,GAS,M0104,-77.84,Card,Gas,
T0000891,1/18/25,CHK,Expense,GROC,M0101,-55.46,Debit,Groceries,
T0001133,1/19/25,CC2,Expense,ENT,M0116,-16.49,Card,Entertainment,
T0000892,1/20/25,CC1,Expense,GAS,M0146,-40.38,Card,Gas,
T0000290,1/25/25,CHK,Transfer,RET401,M_401K,-300,Payroll,401k Contribution,
T0000893,1/25/25,CHK,Expense,GROC,M0095,-24.79,Debit,Groceries,
T0000291,1/25/25,INV401,Transfer,RET401,M_401K,300,Payroll,401k Contribution,
T0000289,1/25/25,CHK,Income,PAY,M_PAYROLL,5000,Direct Deposit,Paycheck,
T0001355,1/26/25,CHK,Transfer,CC_PAY,M_CC_PAY,-115.46,ACH,CC Payment CC2,
T0001356,1/26/25,CC2,Transfer,CC_PAY,M_CC_PAY,115.46,ACH,CC Payment,
T0001259,1/26/25,CHK,Transfer,CC_PAY,M_CC_PAY,-173.52,ACH,CC Payment CC1,
T0001260,1/26/25,CC1,Transfer,CC_PAY,M_CC_PAY,173.52,ACH,CC Payment,
T0001134,2/1/25,CC2,Expense,DINE,M0147,-22.35,Card,Dining,
T0000894,2/1/25,CHK,Expense,GROC,M0086,-101.48,Debit,Groceries,
T0000462,2/2/25,CHK,Expense,UTIL,M0126,-111.14,ACH,UTIL,
T0000510,2/2/25,CHK,Expense,PHON,M0002,-86.71,ACH,PHON,
T0000895,2/3/25,CC1,Expense,GAS,M0042,-28.25,Card,Gas,
T0000414,2/3/25,CHK,Expense,RENT,M0093,-1271.04,ACH,RENT,
T0000558,2/4/25,CHK,Expense,INS,M0062,-224.53,ACH,INS,
T0000606,2/5/25,CC1,Expense,SUBS,M0108,-20,ACH,SUBS,
T0001135,2/8/25,CC2,Expense,DINE,M0088,-69.76,Card,Dining,
T0000896,2/8/25,CHK,Expense,GROC,M0046,-55.94,Debit,Groceries,
T0000294,2/8/25,INV401,Transfer,RET401,M_401K,300,Payroll,401k Contribution,
T0000293,2/8/25,CHK,Transfer,RET401,M_401K,-300,Payroll,401k Contribution,
T0000292,2/8/25,CHK,Income,PAY,M_PAYROLL,5000,Direct Deposit,Paycheck,
T0000364,2/15/25,CHK,Income,BONUS,M_PAYROLL,7096.76,Direct Deposit,Annual Bonus,
T0000897,2/15/25,CHK,Expense,GROC,M0067,-82.96,Debit,Groceries,
T0001136,2/16/25,CC2,Expense,ENT,M0136,-58.44,Card,Entertainment,
T0000898,2/17/25,CC1,Expense,GAS,M0062,-44.79,Card,Gas,
T0000899,2/22/25,CHK,Expense,GROC,M0026,-101.4,Debit,Groceries,
T0001137,2/22/25,CC2,Expense,DINE,M0084,-60.54,Card,Dining,
T0000295,2/22/25,CHK,Income,PAY,M_PAYROLL,5000,Direct Deposit,Paycheck,
T0000296,2/22/25,CHK,Transfer,RET401,M_401K,-300,Payroll,401k Contribution,
T0000297,2/22/25,INV401,Transfer,RET401,M_401K,300,Payroll,401k Contribution,
T0001138,2/23/25,CC2,Expense,ENT,M0011,-17.65,Card,Entertainment,
T0000365,2/24/25,CHK,Income,SIDE,M_SIDE,388.4,ACH,Side Income,
T0001261,2/26/25,CHK,Transfer,CC_PAY,M_CC_PAY,-82.82,ACH,CC Payment CC1,
T0001262,2/26/25,CC1,Transfer,CC_PAY,M_CC_PAY,82.82,ACH,CC Payment,
T0001358,2/26/25,CC2,Transfer,CC_PAY,M_CC_PAY,203.04,ACH,CC Payment,
T0001357,2/26/25,CHK,Transfer,CC_PAY,M_CC_PAY,-203.04,ACH,CC Payment CC2,
T0001139,3/1/25,CC2,Expense,DINE,M0064,-15,Card,Dining,
T0000373,3/1/25,SAV,Income,INT,M_BANKINT,25,ACH,Interest,
T0000900,3/1/25,CHK,Expense,,M0133,-107.41,Debit,Groceries,category_missing
T0000511,3/2/25,CHK,Expense,PHON,M0028,-96.38,ACH,PHON,
T0000901,3/3/25,CC1,Expense,GAS,M0094,-62.09,Card,Gas,
T0000463,3/3/25,CHK,Expense,UTIL,M0020,-101.51,ACH,UTIL,
T0000559,3/4/25,CHK,Expense,INS,M0009,-204.73,ACH,INS,
T0000415,3/4/25,CHK,Expense,RENT,M0075,-1128.66,ACH,RENT,
T0000607,3/4/25,CC1,Expense,SUBS,M0008,-20,ACH,SUBS,
T0000902,3/8/25,CHK,Expense,GROC,M0076,-90.43,Debit,Groceries,
T0000298,3/8/25,CHK,Income,PAY,M_PAYROLL,5000,Direct Deposit,Paycheck,
T0001140,3/8/25,CC2,Expense,DINE,M0122,-23.2,Card,Dining,
T0000299,3/8/25,CHK,Transfer,RET401,M_401K,-300,Payroll,401k Contribution,
T0000300,3/8/25,INV401,Transfer,RET401,M_401K,300,Payroll,401k Contribution,
T0000903,3/10/25,CC1,Expense,GAS,M0141,-33.83,Card,Gas,
T0001141,3/15/25,CC2,Expense,DINE,M0100,-23.99,Card,Dining,
T0000904,3/15/25,CHK,Expense,GROC,M0028,-76.31,Debit,Groceries,
T0000905,3/17/25,CC1,Expense,GAS,M0101,-53.77,Card,Gas,
T0001142,3/22/25,CC2,Expense,DINE,M0012,-52.15,Card,Dining,
T0000906,3/22/25,CHK,Expense,GROC,M0082,-77.4,Debit,Groceries,
T0000302,3/22/25,CHK,Transfer,RET401,M_401K,-300,Payroll,401k Contribution,
T0000301,3/22/25,CHK,Income,PAY,M_PAYROLL,5000,Direct Deposit,Paycheck,
T0000303,3/22/25,INV401,Transfer,RET401,M_401K,300,Payroll,401k Contribution,
T0000366,3/24/25,CHK,Income,SIDE,M_SIDE,675.2,ACH,Side Income,
T0000907,3/24/25,CC1,Expense,GAS,M0036,-37.98,Card,Gas,
T0001264,3/26/25,CC1,Transfer,CC_PAY,M_CC_PAY,263.08,ACH,CC Payment,
T0001359,3/26/25,CHK,Transfer,CC_PAY,M_CC_PAY,-170.3,ACH,CC Payment CC2,
T0001360,3/26/25,CC2,Transfer,CC_PAY,M_CC_PAY,170.3,ACH,CC Payment,
T0001263,3/26/25,CHK,Transfer,CC_PAY,M_CC_PAY,-263.08,ACH,CC Payment CC1,
T0001143,3/29/25,CC2,Expense,DINE,M0149,-74.39,Card,Dining,
T0000908,3/29/25,CHK,Expense,GROC,M0084,-71.96,Debit,Groceries,
T0000909,3/31/25,CC1,Expense,GAS,M0056,-63.75,Card,Gas,
T0000560,4/2/25,CHK,Expense,INS,M0096,-175.57,ACH,INS,
T0000416,4/2/25,CHK,Expense,RENT,M0132,-1330.55,ACH,RENT,
T0000608,4/3/25,CC1,Expense,SUBS,M0099,-20,ACH,SUBS,
T0000464,4/5/25,CHK,Expense,UTIL,M0062,-224.45,ACH,UTIL,
T0000512,4/5/25,CHK,Expense,PHON,M0077,-98.53,ACH,PHON,
T0000305,4/5/25,CHK,Transfer,RET401,M_401K,-300,Payroll,401k Contribution,
T0000306,4/5/25,INV401,Transfer,RET401,M_401K,300,Payroll,401k Contribution,
T0000304,4/5/25,CHK,Income,PAY,M_PAYROLL,5000,Direct Deposit,Paycheck,
T0000910,4/5/25,CHK,Expense,GROC,M0088,-101.17,Debit,Groceries,
T0001144,4/6/25,CC2,Expense,ENT,M0091,-37.8,Card,Entertainment,
T0000911,4/7/25,CC1,Expense,GAS,M0066,-38.57,Card,Gas,
T0000912,4/12/25,CHK,Expense,GROC,M0114,-33.98,Debit,Groceries,
T0001145,4/12/25,CC2,Expense,DINE,M0149,-30.51,Card,Dining,
T0001146,4/13/25,CC2,Expense,ENT,M0035,-40.93,Card,Entertainment,
T0000367,4/13/25,CHK,Income,SIDE,M_SIDE,757.21,ACH,Side Income,
T0000913,4/19/25,CHK,Expense,GROC,M0128,-88.41,Debit,Groceries,
T0000307,4/19/25,CHK,Income,PAY,M_PAYROLL,5000,Direct Deposit,Paycheck,
T0000309,4/19/25,INV401,Transfer,RET401,M_401K,300,Payroll,401k Contribution,
T0000308,4/19/25,CHK,Transfer,RET401,M_401K,-300,Payroll,401k Contribution,
T0001147,4/20/25,CC2,Expense,ENT,M0100,-49.19,Card,Entertainment,
T0000914,4/21/25,CC1,Expense,GAS,M0126,-34.69,Card,Gas,
T0001266,4/26/25,CC1,Transfer,CC_PAY,M_CC_PAY,131.94,ACH,CC Payment,
T0001148,4/26/25,CC2,Expense,DINE,M0124,-50.17,Card,Dining,
T0000915,4/26/25,CHK,Expense,GROC,M0059,-65.68,Debit,Groceries,
T0001362,4/26/25,CC2,Transfer,CC_PAY,M_CC_PAY,188.85,ACH,CC Payment,
T0001361,4/26/25,CHK,Transfer,CC_PAY,M_CC_PAY,-188.85,ACH,CC Payment CC2,
T0001265,4/26/25,CHK,Transfer,CC_PAY,M_CC_PAY,-131.94,ACH,CC Payment CC1,
T0001149,4/27/25,CC2,Expense,ENT,M0025,-44.12,Card,Entertainment,
T0000916,4/28/25,CC1,Expense,GAS,M0089,-65.07,Card,Gas,
T0000609,5/2/25,CC1,Expense,SUBS,M0090,-20,ACH,SUBS,
T0000465,5/3/25,CHK,Expense,UTIL,M0016,-137.19,ACH,UTIL,
T0000917,5/3/25,CHK,Expense,GROC,M0015,-60.17,Debit,Groceries,
T0000513,5/3/25,CHK,Expense,PHON,M0115,-97.15,ACH,PHON,
T0000417,5/3/25,CHK,Expense,RENT,M0133,-1296.38,ACH,RENT,
T0000312,5/3/25,INV401,Transfer,RET401,M_401K,300,Payroll,401k Contribution,
T0000311,5/3/25,CHK,Transfer,RET401,M_401K,-300,Payroll,401k Contribution,
T0000310,5/3/25,CHK,Income,PAY,M_PAYROLL,5000,Direct Deposit,Paycheck,
T0000561,5/3/25,CHK,Expense,INS,M0073,-192.54,ACH,INS,
T0001150,5/3/25,CC2,Expense,DINE,M0021,-26.26,Card,Dining,
T0001186,5/4/25,CC1,Expense,TRAV,M0002,-1092.06,Card,Travel,
T0000918,5/10/25,CHK,Expense,GROC,M0021,-29.54,Debit,Groceries,
T0001151,5/10/25,CC2,Expense,DINE,M0083,-15,Card,Dining,
T0001152,5/11/25,CC2,Expense,ENT,M0119,-55.51,Card,Entertainment,
T0000919,5/12/25,CC1,Expense,GAS,M0118,-87.35,Card,Gas,
T0000313,5/17/25,CHK,Income,PAY,M_PAYROLL,5000,Direct Deposit,Paycheck,
T0000314,5/17/25,CHK,Transfer,RET401,M_401K,-300,Payroll,401k Contribution,
T0000315,5/17/25,INV401,Transfer,RET401,M_401K,300,Payroll,401k Contribution,
T0000920,5/17/25,CHK,Expense,GROC,M0150,-20.3,Debit,Groceries,
T0000921,5/19/25,CC1,Expense,GAS,M0092,-59.38,Card,Gas,
T0000368,5/21/25,CHK,Income,SIDE,M_SIDE,333.8,ACH,Side Income,
T0001184,5/23/25,CC1,Expense,TRAV,M0048,-520.09,Card,Travel,
T0000922,5/24/25,CHK,Expense,GROC,M0083,-65.64,Debit,Groceries,
T0001267,5/26/25,CHK,Transfer,CC_PAY,M_CC_PAY,-1671.55,ACH,CC Payment CC1,
T0001268,5/26/25,CC1,Transfer,CC_PAY,M_CC_PAY,1671.55,ACH,CC Payment,
T0001364,5/26/25,CC2,Transfer,CC_PAY,M_CC_PAY,85.29,ACH,CC Payment,
T0001363,5/26/25,CHK,Transfer,CC_PAY,M_CC_PAY,-85.29,ACH,CC Payment CC2,
T0000318,5/31/25,INV401,Transfer,RET401,M_401K,300,Payroll,401k Contribution,
T0000317,5/31/25,CHK,Transfer,RET401,M_401K,-300,Payroll,401k Contribution,
T0000923,5/31/25,CHK,Expense,GROC,M0051,-73.47,Debit,Groceries,
T0000316,5/31/25,CHK,Income,PAY,M_PAYROLL,5000,Direct Deposit,Paycheck,
T0001153,6/1/25,CC2,Expense,ENT,M0064,-42.4,Card,Entertainment,
T0000374,6/1/25,SAV,Income,INT,M_BANKINT,21.32,ACH,Interest,
T0000514,6/2/25,CHK,Expense,PHON,M0126,-88.41,ACH,PHON,
T0000418,6/2/25,CHK,Expense,RENT,M0101,-1384.77,ACH,RENT,
T0000924,6/2/25,CC1,Expense,GAS,M0020,-53.36,Card,Gas,
T0000610,6/2/25,CC1,Expense,SUBS,M0085,-30.66,ACH,SUBS,
T0000466,6/3/25,CHK,Expense,UTIL,M0085,-148.76,ACH,UTIL,
T0000562,6/5/25,CHK,Expense,INS,M0150,-163.59,ACH,INS,
T0001154,6/7/25,CC2,Expense,DINE,M0032,-58.8,Card,Dining,
T0000925,6/7/25,CHK,Expense,GROC,M0110,-28.06,Debit,Groceries,
T0000321,6/14/25,INV401,Transfer,RET401,M_401K,300,Payroll,401k Contribution,
T0000319,6/14/25,CHK,Income,PAY,M_PAYROLL,5000,Direct Deposit,Paycheck,
T0000926,6/14/25,CHK,Expense,GROC,M0098,-53.62,Debit,Groceries,
T0000320,6/14/25,CHK,Transfer,RET401,M_401K,-300,Payroll,401k Contribution,
T0000369,6/20/25,CHK,Income,SIDE,M_SIDE,316.28,ACH,Side Income,
T0000927,6/21/25,CHK,Expense,GROC,M0032,-80.67,Debit,Groceries,
T0001155,6/21/25,CC2,Expense,DINE,M0142,-15,Card,Dining,
T0001156,6/22/25,CC2,Expense,ENT,M0042,-17.79,Card,Entertainment,
T0001269,6/26/25,CHK,Transfer,CC_PAY,M_CC_PAY,-65.98,ACH,CC Payment CC1,
T0001270,6/26/25,CC1,Transfer,CC_PAY,M_CC_PAY,65.98,ACH,CC Payment,
T0001366,6/26/25,CC2,Transfer,CC_PAY,M_CC_PAY,108.12,ACH,CC Payment,
T0001365,6/26/25,CHK,Transfer,CC_PAY,M_CC_PAY,-108.12,ACH,CC Payment CC2,
T0000928,6/28/25,CHK,Expense,GROC,M0093,-97.42,Debit,Groceries,
T0000322,6/28/25,CHK,Income,PAY,M_PAYROLL,5000,Direct Deposit,Paycheck,
T0000323,6/28/25,CHK,Transfer,RET401,M_401K,-300,Payroll,401k Contribution,
T0000324,6/28/25,INV401,Transfer,RET401,M_401K,300,Payroll,401k Contribution,
T0000611,7/2/25,CC1,Expense,SUBS,M0040,-22.78,ACH,SUBS,
T0000515,7/3/25,CHK,Expense,PHON,M0083,-103.29,ACH,PHON,
T0000563,7/3/25,CHK,Expense,INS,M0137,-196.72,ACH,INS,
T0000929,7/5/25,CHK,Expense,GROC,M0061,-98.1,Debit,Groceries,
T0000467,7/5/25,CHK,Expense,UTIL,M0036,-156.4,ACH,UTIL,
T0000419,7/5/25,CHK,Expense,RENT,M0056,-1309.8,ACH,RENT,
T0001157,7/6/25,CC2,Expense,ENT,M0107,-55.16,Card,Entertainment,
T0000930,7/7/25,CC1,Expense,GAS,M0101,-77.73,Card,Gas,
T0000327,7/12/25,INV401,Transfer,RET401,M_401K,300,Payroll,401k Contribution,
T0000325,7/12/25,CHK,Income,PAY,M_PAYROLL,5000,Direct Deposit,Paycheck,
T0000326,7/12/25,CHK,Transfer,RET401,M_401K,-300,Payroll,401k Contribution,
T0000370,7/12/25,CHK,Income,SIDE,M_SIDE,659.87,ACH,Side Income,
T0000931,7/12/25,CHK,Expense,GROC,M0031,-109.74,Debit,Groceries,
T0001158,7/13/25,CC2,Expense,ENT,M0083,-19.74,Card,Entertainment,
T0000932,7/14/25,CC1,Expense,GAS,M0127,-51.52,Card,Gas,
T0000933,7/19/25,CHK,Expense,GROC,M0135,-95.63,Debit,Groceries,
T0000934,7/21/25,CC1,Expense,GAS,M0075,-59.19,Card,Gas,
T0000330,7/26/25,INV401,Transfer,RET401,M_401K,300,Payroll,401k Contribution,
T0000329,7/26/25,CHK,Transfer,RET401,M_401K,-300,Payroll,401k Contribution,
T0001367,7/26/25,CHK,Transfer,CC_PAY,M_CC_PAY,-111.83,ACH,CC Payment CC2,
T0000935,7/26/25,CHK,Expense,GROC,M0044,-61.74,Debit,Groceries,
T0001368,7/26/25,CC2,Transfer,CC_PAY,M_CC_PAY,111.83,ACH,CC Payment,
T0000328,7/26/25,CHK,Income,PAY,M_PAYROLL,5000,Direct Deposit,Paycheck,
T0001271,7/26/25,CHK,Transfer,CC_PAY,M_CC_PAY,-198.54,ACH,CC Payment CC1,
T0001272,7/26/25,CC1,Transfer,CC_PAY,M_CC_PAY,198.54,ACH,CC Payment,
T0001159,7/27/25,CC2,Expense,ENT,M0014,-79.84,Card,Entertainment,
T0000936,7/28/25,CC1,Expense,GAS,M0054,-20.17,Card,Gas,
T0001160,8/2/25,CC2,Expense,DINE,M0133,-19.6,Card,Dining,
T0000937,8/2/25,CHK,Expense,GROC,M0076,-52.74,Debit,Groceries,
T0000468,8/3/25,CHK,Expense,UTIL,M0098,-226.33,ACH,UTIL,
T0000516,8/3/25,CHK,Expense,PHON,M0083,-101.91,ACH,PHON,
T0000420,8/3/25,CHK,Expense,RENT,M0050,-1211.63,ACH,RENT,
T0000938,8/4/25,CC1,Expense,GAS,M0052,-72.77,Card,Gas,
T0000564,8/4/25,CHK,Expense,INS,M0114,-159.43,ACH,INS,
T0000612,8/4/25,CC1,Expense,SUBS,M0128,-21.56,ACH,SUBS,
T0000331,8/9/25,CHK,Income,PAY,M_PAYROLL,5000,Direct Deposit,Paycheck,
T0000332,8/9/25,CHK,Transfer,RET401,M_401K,-300,Payroll,401k Contribution,
T0000333,8/9/25,INV401,Transfer,RET401,M_401K,300,Payroll,401k Contribution,
T0001161,8/9/25,CC2,Expense,DINE,M0097,-68.21,Card,Dining,
T0000939,8/9/25,CHK,Expense,GROC,M0148,-99.75,Debit,Groceries,
T0000371,8/11/25,CHK,Income,SIDE,M_SIDE,328.39,ACH,Side Income,
T0000940,8/11/25,CC1,Expense,GAS,M0093,-51.21,Card,Gas,
T0001162,8/16/25,CC2,Expense,DINE,M0055,-24.3,Card,Dining,
T0000941,8/16/25,CHK,Expense,GROC,M0051,-54.23,Debit,Groceries,
T0000942,8/18/25,CC1,Expense,GAS,M0010,-50.05,Card,Gas,
T0000336,8/23/25,INV401,Transfer,RET401,M_401K,300,Payroll,401k Contribution,
T0001163,8/23/25,CC2,Expense,DINE,M0096,-15.56,Card,Dining,
T0000943,8/23/25,CHK,Expense,GROC,M0080,-90.15,Debit,Groceries,
T0000334,8/23/25,CHK,Income,PAY,M_PAYROLL,5000,Direct Deposit,Paycheck,
T0000335,8/23/25,CHK,Transfer,RET401,M_401K,-300,Payroll,401k Contribution,
T0000944,8/25/25,CC1,Expense,GAS,M0017,-50.9,Card,Gas,
T0001273,8/26/25,CHK,Transfer,CC_PAY,M_CC_PAY,-245,ACH,CC Payment CC1,
T0001274,8/26/25,CC1,Transfer,CC_PAY,M_CC_PAY,245,ACH,CC Payment,
T0001370,8/26/25,CC2,Transfer,CC_PAY,M_CC_PAY,94.47,ACH,CC Payment,
T0001369,8/26/25,CHK,Transfer,CC_PAY,M_CC_PAY,-94.47,ACH,CC Payment CC2,
T0000945,8/30/25,CHK,Expense,GROC,M0095,-74.19,Debit,Groceries,
T0000375,9/1/25,SAV,Income,INT,M_BANKINT,40.13,ACH,Interest,
T0000421,9/2/25,CHK,Expense,RENT,M0005,-1220.43,ACH,RENT,
T0000613,9/2/25,CC1,Expense,SUBS,M0013,-28.29,ACH,SUBS,
T0001185,9/3/25,CC1,Expense,TRAV,M0103,-798.44,Card,Travel,
T0000517,9/4/25,CHK,Expense,PHON,M0045,-98.65,ACH,PHON,
T0000469,9/5/25,CHK,Expense,UTIL,M0104,-108.44,ACH,UTIL,
T0000565,9/5/25,CHK,Expense,INS,M0077,-163.31,ACH,INS,
T0000339,9/6/25,INV401,Transfer,RET401,M_401K,300,Payroll,401k Contribution,
T0000338,9/6/25,CHK,Transfer,RET401,M_401K,-300,Payroll,401k Contribution,
T0001164,9/6/25,CC2,Expense,DINE,M0092,-33.17,Card,Dining,
T0000337,9/6/25,CHK,Income,PAY,M_PAYROLL,5000,Direct Deposit,Paycheck,
T0000946,9/6/25,CHK,Expense,GROC,M0021,-53.48,Debit,Groceries,
T0000947,9/8/25,CC1,Expense,GAS,M0005,-31.06,Card,Gas,
T0000948,9/13/25,CHK,Expense,GROC,M0120,-107.63,Debit,Groceries,
T0000340,9/20/25,CHK,Income,PAY,M_PAYROLL,5000,Direct Deposit,Paycheck,
T0000341,9/20/25,CHK,Transfer,RET401,M_401K,-300,Payroll,401k Contribution,
T0000342,9/20/25,INV401,Transfer,RET401,M_401K,300,Payroll,401k Contribution,
T0000949,9/20/25,CHK,Expense,GROC,M0060,-37,Debit,Groceries,
T0001165,9/20/25,CC2,Expense,DINE,M0119,-23.74,Card,Dining,
T0000950,9/22/25,CC1,Expense,GAS,M0084,-80.21,Card,Gas,
T0001275,9/26/25,CHK,Transfer,CC_PAY,M_CC_PAY,-867.54,ACH,CC Payment CC1,
T0001276,9/26/25,CC1,Transfer,CC_PAY,M_CC_PAY,867.54,ACH,CC Payment,
T0001371,9/26/25,CHK,Transfer,CC_PAY,M_CC_PAY,-120.01,ACH,CC Payment CC2,
T0001372,9/26/25,CC2,Transfer,CC_PAY,M_CC_PAY,120.01,ACH,CC Payment,
T0001166,9/27/25,CC2,Expense,DINE,M0138,-49.01,Card,Dining,
T0000951,9/27/25,CHK,Expense,GROC,M0023,-66,Debit,Groceries,
T0001167,9/28/25,CC2,Expense,ENT,M0140,-36.28,Card,Entertainment,
T0000952,9/29/25,CC1,Expense,GAS,M0049,-48.25,Card,Gas,
T0000470,10/2/25,CHK,Expense,UTIL,M0067,-109.52,ACH,UTIL,
T0000422,10/2/25,CHK,Expense,RENT,M0008,-1503.69,ACH,RENT,
T0000518,10/3/25,CHK,Expense,PHON,M0090,-100.75,ACH,PHON,
T0000614,10/3/25,CC1,Expense,SUBS,M0040,-20,ACH,SUBS,
T0001168,10/4/25,CC2,Expense,DINE,M0087,-65.82,Card,Dining,
T0000953,10/4/25,CHK,Expense,GROC,M0103,-82.12,Debit,Groceries,
T0000344,10/4/25,CHK,Transfer,RET401,M_401K,-300,Payroll,401k Contribution,
T0000345,10/4/25,INV401,Transfer,RET401,M_401K,300,Payroll,401k Contribution,
T0000343,10/4/25,CHK,Income,PAY,M_PAYROLL,5000,Direct Deposit,Paycheck,
T0001169,10/5/25,CC2,Expense,ENT,M0002,-29.07,Card,Entertainment,
T0000566,10/5/25,CHK,Expense,INS,M0118,-212.01,ACH,INS,
T0000954,10/11/25,CHK,Expense,GROC,M0077,-104.56,Debit,Groceries,
T0001170,10/11/25,CC2,Expense,DINE,M0075,-65.51,Card,Dining,
T0001171,10/12/25,CC2,Expense,ENT,M0150,-57.48,Card,Entertainment,
T0000346,10/18/25,CHK,Income,PAY,M_PAYROLL,5000,Direct Deposit,Paycheck,
T0000347,10/18/25,CHK,Transfer,RET401,M_401K,-300,Payroll,401k Contribution,
T0000955,10/18/25,CHK,Expense,GROC,M0044,-104.64,Debit,Groceries,
T0000348,10/18/25,INV401,Transfer,RET401,M_401K,300,Payroll,401k Contribution,
T0000956,10/20/25,CC1,Expense,GAS,M0106,-68.23,Card,Gas,
T0001172,10/25/25,CC2,Expense,DINE,M0021,-57.91,Card,Dining,
T0000957,10/25/25,CHK,Expense,GROC,M0078,-36.73,Debit,Groceries,
T0001374,10/26/25,CC2,Transfer,CC_PAY,M_CC_PAY,214.77,ACH,CC Payment,
T0001373,10/26/25,CHK,Transfer,CC_PAY,M_CC_PAY,-214.77,ACH,CC Payment CC2,
T0001278,10/26/25,CC1,Transfer,CC_PAY,M_CC_PAY,127.39,ACH,CC Payment,
T0001277,10/26/25,CHK,Transfer,CC_PAY,M_CC_PAY,-127.39,ACH,CC Payment CC1,
T0000958,10/27/25,CC1,Expense,GAS,M0149,-61.28,Card,Gas,
T0000350,11/1/25,CHK,Transfer,RET401,M_401K,-300,Payroll,401k Contribution,
T0000349,11/1/25,CHK,Income,PAY,M_PAYROLL,5000,Direct Deposit,Paycheck,
T0000351,11/1/25,INV401,Transfer,RET401,M_401K,300,Payroll,401k Contribution,
T0000959,11/1/25,CHK,Expense,GROC,M0112,-65.42,Debit,Groceries,
T0001173,11/2/25,CC2,Expense,ENT,M0119,-39.52,Card,Entertainment,
T0000423,11/2/25,CHK,Expense,RENT,M0109,-1232.45,ACH,RENT,
T0000471,11/2/25,CHK,Expense,UTIL,M0142,-96.61,ACH,UTIL,
T0000960,11/3/25,CC1,Expense,GAS,M0137,-47.8,Card,Gas,
T0000615,11/3/25,CC1,Expense,SUBS,M0048,-24.06,ACH,SUBS,
T0000567,11/4/25,CHK,Expense,INS,M0023,-163.94,ACH,INS,
T0000519,11/5/25,CHK,Expense,PHON,M0025,-85.2,ACH,PHON,
T0000961,11/8/25,CHK,Expense,GROC,M0133,-51.86,Debit,Groceries,
T0001174,11/9/25,CC2,Expense,ENT,M0035,-69.71,Card,Entertainment,
T0000962,11/15/25,CHK,Expense,GROC,M0081,-91.65,Debit,Groceries,
T0000354,11/15/25,INV401,Transfer,RET401,M_401K,300,Payroll,401k Contribution,
T0000353,11/15/25,CHK,Transfer,RET401,M_401K,-300,Payroll,401k Contribution,
T0000352,11/15/25,CHK,Income,PAY,M_PAYROLL,5000,Direct Deposit,Paycheck,
T0001175,11/15/25,CC2,Expense,DINE,M0071,-15,Card,Dining,
T0000963,11/17/25,CC1,Expense,GAS,M0053,-73.53,Card,Gas,
T0000964,11/22/25,CHK,Expense,GROC,M0002,-101.56,Debit,Groceries,
T0000965,11/24/25,CC1,Expense,GAS,M0003,-15,Card,Gas,
T0001280,11/26/25,CC1,Transfer,CC_PAY,M_CC_PAY,150.16,ACH,CC Payment,
T0001279,11/26/25,CHK,Transfer,CC_PAY,M_CC_PAY,-150.16,ACH,CC Payment CC1,
T0001376,11/26/25,CC2,Transfer,CC_PAY,M_CC_PAY,142.27,ACH,CC Payment,
T0001375,11/26/25,CHK,Transfer,CC_PAY,M_CC_PAY,-142.27,ACH,CC Payment CC2,
T0000966,11/29/25,CHK,Expense,GROC,M0138,-58.11,Debit,Groceries,
T0000357,11/29/25,INV401,Transfer,RET401,M_401K,300,Payroll,401k Contribution,
T0000356,11/29/25,CHK,Transfer,RET401,M_401K,-300,Payroll,401k Contribution,
T0000355,11/29/25,CHK,Income,PAY,M_PAYROLL,5000,Direct Deposit,Paycheck,
T0001176,11/30/25,CC2,Expense,ENT,M0095,-28.81,Card,Entertainment,
T0000967,12/1/25,CC1,Expense,GAS,M0117,-35.32,Card,Gas,
T0000376,12/1/25,SAV,Income,INT,M_BANKINT,24.93,ACH,Interest,
T0000520,12/2/25,CHK,Expense,PHON,M0004,-104.56,ACH,PHON,
T0000568,12/3/25,CHK,Expense,INS,M0110,-131.17,ACH,INS,
T0000616,12/4/25,CC1,Expense,SUBS,M0055,-21.36,ACH,SUBS,
T0000424,12/4/25,CHK,Expense,RENT,M0079,-1185.27,ACH,RENT,
T0000472,12/5/25,CHK,Expense,UTIL,M0083,-182.82,ACH,UTIL,
T0000372,12/6/25,CHK,Income,SIDE,M_SIDE,413.59,ACH,Side Income,
T0000968,12/6/25,CHK,Expense,GROC,M0027,-79.97,Debit,Groceries,
T0000969,12/8/25,CC1,Expense,GAS,M0049,-45.3,Card,Gas,
T0000359,12/13/25,CHK,Transfer,RET401,M_401K,-300,Payroll,401k Contribution,
T0000358,12/13/25,CHK,Income,PAY,M_PAYROLL,5000,Direct Deposit,Paycheck,
T0000970,12/13/25,CHK,Expense,GROC,M0019,-46.63,Debit,Groceries,
T0000360,12/13/25,INV401,Transfer,RET401,M_401K,300,Payroll,401k Contribution,
T0001177,12/20/25,CC2,Expense,DINE,M0011,-63.37,Card,Dining,
T0000971,12/20/25,CHK,Expense,GROC,M0102,-63.71,Debit,Groceries,
T0000972,12/22/25,CC1,Expense,GAS,M0043,-59.75,Card,Gas,
T0001378,12/26/25,CC2,Transfer,CC_PAY,M_CC_PAY,46.69,ACH,CC Payment,
T0001281,12/26/25,CHK,Transfer,CC_PAY,M_CC_PAY,-184.57,ACH,CC Payment CC1,
T0001377,12/26/25,CHK,Transfer,CC_PAY,M_CC_PAY,-46.69,ACH,CC Payment CC2,
T0001282,12/26/25,CC1,Transfer,CC_PAY,M_CC_PAY,184.57,ACH,CC Payment,
T0000361,12/27/25,CHK,Income,PAY,M_PAYROLL,5000,Direct Deposit,Paycheck,
T0000362,12/27/25,CHK,Transfer,RET401,M_401K,-300,Payroll,401k Contribution,
T0000363,12/27/25,INV401,Transfer,RET401,M_401K,300,Payroll,401k Contribution,
T0000973,12/27/25,CHK,Expense,GROC,M0092,-85.64,Debit,Groceries,
T0000974,12/29/25,CC1,Expense,GAS,M0074,-70.81,Card,Gas,